Student ID,Student Name,Department,Year,Age,Attendance,Python Marks,ML Marks,Projects Completed,Join Date
1001,Priya,ECE,2,22.0,76.57,40.0,63.0,1.0,2025-07-01
1002,Harsha,CSE,1,18.0,57.8,37.0,68.0,6.0,2025-07-02
1003,Swathi,AI&DS,1,17.0,66.62,76.0,75.0,2.0,2025-07-03
1004,Vikram,CSE,3,23.0,91.18,45.0,46.0,1.0,2025-07-04
1005,Vikram,AI&DS,2,23.0,88.83,72.0,79.0,4.0,2025-07-05
1006,Varun,ECE,2,17.0,94.41,97.0,73.0,5.0,2025-07-06
1007,Priya,MECH,4,17.0,82.09,81.0,69.0,3.0,2025-07-07
1008,Swathi,CSE,1,21.0,74.03,72.0,90.0,4.0,2025-07-08
1009,Kiran,ECE,2,17.0,74.2,42.0,80.0,0.0,2025-07-09
1010,Priya,EEE,1,22.0,63.73,67.0,96.0,3.0,2025-07-10
1011,Suresh,MECH,2,24.0,84.29,93.0,99.0,0.0,2025-07-11
1012,Rohit,ECE,2,23.0,81.33,60.0,89.0,0.0,2025-07-12
1013,Naveen,AI&DS,1,18.0,61.97,89.0,54.0,4.0,2025-07-13
1014,Harsha,ECE,1,18.0,94.85,81.0,47.0,1.0,2025-07-14
1015,Naveen,AI&DS,4,22.0,71.58,52.0,54.0,0.0,2025-07-15
1016,Harsha,MECH,1,17.0,57.24,44.0,82.0,1.0,2025-07-16
1017,Suresh,AI&DS,4,21.0,69.75,36.0,92.0,5.0,2025-07-17
1018,Arjun,ECE,4,20.0,94.14,53.0,93.0,,2025-07-18
1019,Teja,CSE,2,22.0,96.26,56.0,80.0,2.0,2025-07-19
1020,Pooja,AI&DS,2,18.0,77.07,78.0,79.0,6.0,2025-07-20
1021,Suresh,MECH,4,23.0,98.04,72.0,97.0,2.0,2025-07-21
1022,Divya,ECE,4,22.0,94.39,66.0,80.0,6.0,2025-07-22
1023,Sneha,AI&DS,1,18.0,92.14,82.0,44.0,2.0,2025-07-23
1024,Lakshmi,MECH,4,19.0,93.69,85.0,68.0,0.0,2025-07-24
1025,Harsha,MECH,4,17.0,72.18,82.0,58.0,0.0,2025-07-25
1026,Manoj,AI&DS,1,20.0,89.04,94.0,77.0,1.0,2025-07-26
1027,Vikram,ECE,1,19.0,80.98,58.0,76.0,1.0,2025-07-27
1028,Teja,AI&DS,3,17.0,87.39,89.0,54.0,1.0,2025-07-28
1029,Suresh,ECE,1,21.0,63.0,62.0,54.0,2.0,2025-07-29
1030,Vikram,AI&DS,3,21.0,87.91,47.0,40.0,6.0,2025-07-30
1031,Pooja,CSE,1,17.0,98.09,44.0,54.0,1.0,2025-07-31
1032,Kiran,MECH,3,18.0,68.62,41.0,89.0,1.0,2025-08-01
1033,Priya,MECH,1,17.0,99.38,98.0,78.0,6.0,2025-08-02
1034,Keerthi,EEE,1,22.0,72.03,46.0,97.0,1.0,2025-08-03
1035,Varun,MECH,1,19.0,63.99,90.0,96.0,5.0,2025-08-04
1036,Priya,EEE,1,17.0,60.05,86.0,91.0,4.0,2025-08-05
1037,Varun,EEE,3,,90.32,63.0,46.0,6.0,2025-08-06
1038,Teja,EEE,1,24.0,79.97,95.0,57.0,3.0,2025-08-07
1039,Anjali,AI&DS,4,19.0,68.82,94.0,38.0,4.0,2025-08-08
1040,Manoj,AI&DS,3,22.0,82.38,96.0,41.0,1.0,2025-08-09
1041,Sneha,CSE,2,20.0,69.94,67.0,50.0,4.0,2025-08-10
1042,Harsha,ECE,4,18.0,75.18,54.0,53.0,4.0,2025-08-11
1043,Naveen,AI&DS,3,19.0,93.82,37.0,36.0,6.0,2025-08-12
1044,Divya,AI&DS,3,17.0,85.07,90.0,90.0,0.0,2025-08-13
1045,Priya,ECE,1,22.0,89.31,92.0,69.0,1.0,2025-08-14
1046,Rohit,AI&DS,3,19.0,81.26,70.0,78.0,0.0,2025-08-15
1047,Vikram,CSE,3,20.0,99.61,39.0,78.0,5.0,2025-08-16
1048,Varun,EEE,4,18.0,65.86,89.0,98.0,0.0,2025-08-17
1049,Swathi,MECH,2,23.0,66.8,54.0,44.0,6.0,2025-08-18
1050,Harsha,CSE,3,18.0,59.17,71.0,57.0,2.0,2025-08-19
1051,Harsha,CSE,2,21.0,79.93,78.0,55.0,2.0,2025-08-20
1052,Sneha,AI&DS,1,23.0,82.6,44.0,71.0,6.0,2025-08-21
1053,Divya,EEE,1,22.0,87.67,39.0,69.0,5.0,2025-08-22
1054,Pooja,EEE,4,21.0,70.1,40.0,87.0,3.0,2025-08-23
1055,Pooja,CSE,3,24.0,55.55,98.0,72.0,6.0,2025-08-24
1056,Rahul,EEE,2,18.0,83.45,98.0,50.0,5.0,2025-08-25
1057,Suresh,CSE,3,24.0,99.94,63.0,72.0,4.0,2025-08-26
1058,Sneha,AI&DS,1,21.0,68.25,63.0,98.0,2.0,2025-08-27
1059,Naveen,MECH,1,20.0,63.28,61.0,73.0,6.0,2025-08-28
1060,Swathi,CSE,3,19.0,67.68,58.0,74.0,5.0,2025-08-29
1061,Lakshmi,CSE,3,22.0,74.14,70.0,46.0,6.0,2025-08-30
1062,Naveen,AI&DS,4,24.0,66.29,58.0,35.0,6.0,2025-08-31
1063,Divya,ECE,4,22.0,70.61,75.0,48.0,3.0,2025-09-01
1064,Rohit,MECH,2,17.0,83.72,60.0,36.0,2.0,2025-09-02
1065,Vikram,MECH,4,20.0,70.53,76.0,64.0,6.0,2025-09-03
1066,Ravi,CSE,2,22.0,72.82,97.0,93.0,6.0,2025-09-04
1067,Lakshmi,CSE,4,20.0,56.8,48.0,64.0,0.0,2025-09-05
1068,Divya,EEE,1,23.0,96.31,39.0,77.0,4.0,2025-09-06
1069,Priya,AI&DS,1,22.0,73.31,69.0,91.0,4.0,2025-09-07
1070,Pooja,MECH,1,17.0,69.77,42.0,85.0,5.0,2025-09-08
1071,Harsha,ECE,4,21.0,58.89,50.0,77.0,6.0,2025-09-09
1072,Sneha,CSE,1,18.0,83.54,87.0,86.0,1.0,2025-09-10
1073,Pooja,EEE,4,20.0,93.87,62.0,53.0,6.0,2025-09-11
1074,Arjun,CSE,3,20.0,56.85,71.0,62.0,4.0,2025-09-12
1075,Swathi,AI&DS,1,23.0,61.54,86.0,61.0,0.0,2025-09-13
1076,Pooja,ECE,4,23.0,61.59,43.0,87.0,3.0,2025-09-14
1077,Ravi,ECE,1,20.0,82.1,66.0,61.0,0.0,2025-09-15
1078,Kiran,ECE,1,21.0,96.46,37.0,96.0,6.0,2025-09-16
1079,Keerthi,ECE,3,22.0,74.7,67.0,47.0,5.0,2025-09-17
1080,Swathi,MECH,2,22.0,70.47,49.0,46.0,6.0,2025-09-18
1081,Lakshmi,MECH,2,,89.46,95.0,82.0,4.0,2025-09-19
1082,Vikram,ECE,1,23.0,88.42,52.0,85.0,2.0,2025-09-20
1083,Sneha,CSE,3,24.0,66.1,48.0,79.0,2.0,2025-09-21
1084,Teja,EEE,1,23.0,62.24,35.0,55.0,6.0,2025-09-22
1085,Manoj,MECH,1,18.0,71.1,43.0,35.0,1.0,2025-09-23
1086,Naveen,AI&DS,3,20.0,89.9,49.0,56.0,6.0,2025-09-24
1087,Priya,AI&DS,2,20.0,86.28,50.0,65.0,2.0,2025-09-25
1088,Ravi,AI&DS,3,21.0,84.96,83.0,62.0,4.0,2025-09-26
1089,Harsha,CSE,1,21.0,92.32,93.0,95.0,4.0,2025-09-27
1090,Teja,ECE,3,22.0,67.47,91.0,92.0,0.0,2025-09-28
1091,Vikram,AI&DS,4,20.0,70.29,98.0,86.0,1.0,2025-09-29
1092,Teja,EEE,2,19.0,56.91,94.0,36.0,1.0,2025-09-30
1093,Teja,EEE,2,20.0,94.09,65.0,43.0,5.0,2025-10-01
1094,Divya,EEE,3,23.0,81.21,60.0,63.0,0.0,2025-10-02
1095,Varun,AI&DS,3,19.0,68.42,77.0,76.0,4.0,2025-10-03
1096,Anjali,AI&DS,1,17.0,58.12,56.0,79.0,,2025-10-04
1097,Kiran,EEE,3,24.0,87.55,74.0,54.0,5.0,2025-10-05
1098,Swathi,EEE,1,18.0,88.69,100.0,42.0,6.0,2025-10-06
1099,Manoj,AI&DS,3,21.0,84.98,48.0,56.0,2.0,2025-10-07
1100,Arjun,MECH,4,23.0,64.17,85.0,87.0,1.0,2025-10-08
1101,Teja,CSE,3,19.0,96.09,96.0,100.0,3.0,2025-10-09
1102,Sneha,MECH,4,19.0,88.89,70.0,97.0,4.0,2025-10-10
1103,Teja,CSE,2,19.0,84.6,58.0,74.0,5.0,2025-10-11
1104,Rahul,CSE,4,18.0,84.29,51.0,41.0,4.0,2025-10-12
1105,Harsha,ECE,4,18.0,95.7,46.0,98.0,4.0,2025-10-13
1106,Harsha,CSE,4,18.0,96.77,56.0,45.0,4.0,2025-10-14
1107,Harsha,CSE,3,20.0,81.8,84.0,52.0,1.0,2025-10-15
1108,Swathi,CSE,3,21.0,73.75,69.0,99.0,1.0,2025-10-16
1109,Pooja,AI&DS,3,,71.37,49.0,68.0,6.0,2025-10-17
1110,Naveen,EEE,4,23.0,91.86,70.0,48.0,4.0,2025-10-18
1111,Anjali,CSE,4,22.0,84.01,88.0,68.0,6.0,2025-10-19
1112,Harsha,ECE,2,17.0,58.48,35.0,40.0,4.0,2025-10-20
1113,Keerthi,EEE,1,23.0,61.4,36.0,55.0,3.0,2025-10-21
1114,Pooja,CSE,1,17.0,95.51,98.0,97.0,3.0,2025-10-22
1115,Suresh,CSE,1,21.0,94.8,84.0,54.0,4.0,2025-10-23
1116,Keerthi,MECH,1,20.0,97.83,72.0,93.0,1.0,2025-10-24
1117,Rahul,EEE,1,21.0,74.25,94.0,70.0,3.0,2025-10-25
1118,Arjun,ECE,1,24.0,90.28,73.0,78.0,5.0,2025-10-26
1119,Kiran,EEE,4,24.0,92.27,69.0,81.0,0.0,2025-10-27
1120,Arjun,CSE,1,19.0,69.21,48.0,71.0,0.0,2025-10-28
1121,Vikram,AI&DS,3,21.0,61.54,88.0,37.0,1.0,2025-10-29
1122,Swathi,EEE,2,24.0,99.87,85.0,95.0,4.0,2025-10-30
1123,Swathi,AI&DS,1,22.0,56.36,54.0,66.0,1.0,2025-10-31
1124,Pooja,EEE,3,24.0,81.88,83.0,78.0,3.0,2025-11-01
1125,Varun,ECE,4,20.0,84.26,82.0,71.0,0.0,2025-11-02
1126,Keerthi,EEE,4,19.0,85.68,41.0,78.0,1.0,2025-11-03
1127,Priya,AI&DS,4,21.0,66.5,45.0,58.0,0.0,2025-11-04
1128,Harsha,AI&DS,3,23.0,87.47,74.0,90.0,5.0,2025-11-05
1129,Keerthi,CSE,3,24.0,64.74,76.0,49.0,3.0,2025-11-06
1130,Manoj,CSE,1,22.0,92.31,78.0,78.0,1.0,2025-11-07
1131,Keerthi,EEE,4,22.0,64.86,59.0,73.0,3.0,2025-11-08
1132,Keerthi,CSE,3,21.0,86.35,90.0,,6.0,2025-11-09
1133,Priya,CSE,2,19.0,90.25,64.0,36.0,5.0,2025-11-10
1134,Keerthi,CSE,2,20.0,63.5,48.0,60.0,6.0,2025-11-11
1135,Harsha,CSE,3,20.0,65.71,42.0,38.0,2.0,2025-11-12
1136,Ravi,EEE,1,23.0,,92.0,68.0,2.0,2025-11-13
1137,Manoj,AI&DS,4,21.0,58.87,81.0,80.0,2.0,2025-11-14
1138,Rahul,MECH,2,23.0,63.58,65.0,,2.0,2025-11-15
1139,Ravi,CSE,1,17.0,75.5,48.0,84.0,6.0,2025-11-16
1140,Vikram,ECE,2,23.0,96.86,41.0,58.0,0.0,2025-11-17
1141,Rohit,AI&DS,4,21.0,80.28,45.0,55.0,5.0,2025-11-18
1142,Kiran,AI&DS,2,24.0,72.45,41.0,64.0,6.0,2025-11-19
1143,Anjali,MECH,3,20.0,99.03,69.0,50.0,5.0,2025-11-20
1144,Vikram,MECH,4,20.0,75.87,48.0,87.0,4.0,2025-11-21
1145,Rohit,MECH,1,18.0,74.52,43.0,88.0,5.0,2025-11-22
1146,Varun,CSE,4,23.0,73.52,53.0,62.0,0.0,2025-11-23
1147,Rahul,CSE,2,22.0,,81.0,87.0,5.0,2025-11-24
1148,Kiran,ECE,3,23.0,69.66,67.0,36.0,3.0,2025-11-25
1149,Teja,AI&DS,1,17.0,85.95,45.0,,6.0,2025-11-26
1150,Priya,EEE,1,18.0,56.84,84.0,53.0,0.0,2025-11-27
1151,Varun,ECE,4,24.0,85.68,67.0,60.0,6.0,2025-11-28
1152,Anjali,ECE,4,17.0,64.05,47.0,50.0,4.0,2025-11-29
1153,Lakshmi,EEE,4,21.0,72.29,80.0,68.0,0.0,2025-11-30
1154,Anjali,EEE,3,20.0,61.59,100.0,87.0,3.0,2025-12-01
1155,Vikram,CSE,2,24.0,79.87,70.0,65.0,0.0,2025-12-02
1156,Swathi,CSE,1,23.0,87.82,45.0,,0.0,2025-12-03
1157,Arjun,ECE,2,24.0,70.96,55.0,38.0,3.0,2025-12-04
1158,Keerthi,AI&DS,3,19.0,62.35,74.0,53.0,5.0,2025-12-05
1159,Suresh,AI&DS,2,21.0,65.19,100.0,88.0,0.0,2025-12-06
1160,Harsha,AI&DS,2,22.0,91.82,96.0,88.0,1.0,2025-12-07
1161,Rohit,EEE,1,24.0,67.04,96.0,41.0,2.0,2025-12-08
1162,Swathi,EEE,2,17.0,89.86,89.0,36.0,3.0,2025-12-09
1163,Vikram,ECE,1,24.0,69.9,72.0,89.0,0.0,2025-12-10
1164,Vikram,AI&DS,1,19.0,63.49,77.0,46.0,4.0,2025-12-11
1165,Vikram,AI&DS,1,18.0,87.73,83.0,72.0,3.0,2025-12-12
1166,Teja,ECE,3,21.0,76.08,82.0,89.0,6.0,2025-12-13
1167,Ravi,AI&DS,2,23.0,56.41,77.0,86.0,2.0,2025-12-14
1168,Sneha,ECE,1,18.0,98.2,43.0,71.0,3.0,2025-12-15
1169,Ravi,ECE,3,17.0,61.65,93.0,59.0,0.0,2025-12-16
1170,Rahul,CSE,1,24.0,70.9,35.0,86.0,6.0,2025-12-17
1171,Arjun,CSE,1,24.0,72.32,63.0,80.0,5.0,2025-12-18
1172,Priya,CSE,1,18.0,77.02,63.0,90.0,2.0,2025-12-19
1173,Harsha,MECH,2,24.0,90.34,100.0,68.0,3.0,2025-12-20
1174,Naveen,ECE,4,24.0,55.27,40.0,97.0,6.0,2025-12-21
1175,Swathi,CSE,1,24.0,96.96,66.0,85.0,2.0,2025-12-22
1176,Pooja,MECH,2,18.0,84.07,58.0,39.0,1.0,2025-12-23
1177,Naveen,AI&DS,1,,97.78,41.0,54.0,1.0,2025-12-24
1178,Sneha,AI&DS,2,24.0,91.78,49.0,87.0,4.0,2025-12-25
1179,Lakshmi,MECH,3,24.0,96.75,62.0,42.0,1.0,2025-12-26
1180,Suresh,CSE,2,21.0,82.05,95.0,81.0,0.0,2025-12-27
1181,Lakshmi,CSE,3,18.0,71.08,60.0,57.0,1.0,2025-12-28
1182,Sneha,ECE,4,17.0,74.93,93.0,48.0,6.0,2025-12-29
1183,Pooja,CSE,4,19.0,84.61,83.0,70.0,6.0,2025-12-30
1184,Swathi,ECE,3,17.0,74.21,89.0,96.0,6.0,2025-12-31
1185,Pooja,CSE,3,18.0,87.93,91.0,94.0,1.0,2026-01-01
1186,Vikram,CSE,4,17.0,59.13,82.0,61.0,3.0,2026-01-02
1187,Sneha,CSE,4,23.0,92.35,83.0,35.0,3.0,2026-01-03
1188,Divya,AI&DS,2,21.0,64.19,45.0,93.0,3.0,2026-01-04
1189,Kiran,CSE,1,21.0,97.48,82.0,94.0,0.0,2026-01-05
1190,Ravi,CSE,1,23.0,62.0,38.0,74.0,4.0,2026-01-06
1191,Swathi,MECH,4,20.0,60.81,83.0,76.0,0.0,2026-01-07
1192,Manoj,AI&DS,3,20.0,91.53,78.0,69.0,1.0,2026-01-08
1193,Manoj,AI&DS,2,18.0,91.84,84.0,35.0,2.0,2026-01-09
1194,Divya,CSE,2,20.0,88.24,77.0,45.0,4.0,2026-01-10
1195,Rohit,AI&DS,2,18.0,98.22,59.0,44.0,6.0,2026-01-11
1196,Priya,AI&DS,4,21.0,67.17,59.0,95.0,4.0,2026-01-12
1197,Ravi,ECE,3,24.0,92.2,74.0,38.0,3.0,2026-01-13
1198,Arjun,CSE,4,21.0,70.84,66.0,71.0,3.0,2026-01-14
1199,Ravi,MECH,2,,79.18,57.0,58.0,3.0,2026-01-15
1200,Rohit,MECH,2,22.0,75.05,67.0,35.0,1.0,2026-01-16
1201,Divya,CSE,1,23.0,55.26,70.0,95.0,6.0,2026-01-17
1202,Lakshmi,CSE,4,20.0,80.85,50.0,36.0,6.0,2026-01-18
1203,Pooja,CSE,3,19.0,88.64,77.0,91.0,1.0,2026-01-19
1204,Swathi,ECE,3,22.0,62.85,55.0,86.0,0.0,2026-01-20
1205,Pooja,CSE,2,18.0,96.92,52.0,87.0,1.0,2026-01-21
1206,Anjali,MECH,2,24.0,78.87,62.0,45.0,4.0,2026-01-22
1207,Harsha,EEE,4,19.0,63.02,41.0,93.0,0.0,2026-01-23
1208,Rohit,EEE,2,19.0,84.07,74.0,74.0,0.0,2026-01-24
1209,Anjali,ECE,3,22.0,63.64,83.0,61.0,4.0,2026-01-25
1210,Harsha,MECH,1,17.0,57.86,98.0,79.0,1.0,2026-01-26
1211,Anjali,CSE,2,18.0,85.84,53.0,57.0,0.0,2026-01-27
1212,Naveen,AI&DS,4,18.0,59.98,70.0,53.0,0.0,2026-01-28
1213,Harsha,AI&DS,1,20.0,59.78,68.0,54.0,4.0,2026-01-29
1214,Vikram,MECH,1,21.0,88.3,83.0,72.0,2.0,2026-01-30
1215,Naveen,ECE,4,18.0,57.48,76.0,74.0,1.0,2026-01-31
1216,Anjali,EEE,2,19.0,91.44,88.0,50.0,4.0,2026-02-01
1217,Priya,CSE,2,23.0,90.83,91.0,51.0,1.0,2026-02-02
1218,Priya,MECH,3,24.0,61.36,42.0,97.0,3.0,2026-02-03
1219,Vikram,AI&DS,1,17.0,78.33,58.0,68.0,3.0,2026-02-04
1220,Lakshmi,AI&DS,1,22.0,59.35,78.0,91.0,4.0,2026-02-05
1221,Arjun,MECH,1,17.0,83.47,70.0,56.0,4.0,2026-02-06
1222,Pooja,AI&DS,1,21.0,57.83,66.0,54.0,4.0,2026-02-07
1223,Naveen,AI&DS,1,24.0,97.5,46.0,53.0,1.0,2026-02-08
1224,Kiran,ECE,3,23.0,64.35,72.0,69.0,0.0,2026-02-09
1225,Naveen,CSE,2,18.0,85.73,83.0,86.0,3.0,2026-02-10
1226,Ravi,AI&DS,1,19.0,60.77,37.0,68.0,0.0,2026-02-11
1227,Teja,CSE,1,23.0,64.43,74.0,54.0,3.0,2026-02-12
1228,Keerthi,CSE,2,23.0,75.29,94.0,98.0,4.0,2026-02-13
1229,Suresh,MECH,4,19.0,80.79,72.0,72.0,5.0,2026-02-14
1230,Sneha,ECE,2,17.0,99.95,97.0,61.0,4.0,2026-02-15
1231,Pooja,AI&DS,1,20.0,56.17,58.0,35.0,6.0,2026-02-16
1232,Varun,AI&DS,1,21.0,55.01,35.0,72.0,3.0,2026-02-17
1233,Rahul,AI&DS,2,20.0,70.77,80.0,75.0,3.0,2026-02-18
1234,Harsha,ECE,1,24.0,71.48,49.0,96.0,1.0,2026-02-19
1235,Pooja,MECH,4,23.0,94.77,35.0,50.0,4.0,2026-02-20
1236,Naveen,MECH,4,23.0,96.07,46.0,45.0,5.0,2026-02-21
1237,Swathi,AI&DS,2,17.0,94.62,96.0,100.0,2.0,2026-02-22
1238,Vikram,AI&DS,4,23.0,61.44,86.0,71.0,0.0,2026-02-23
1239,Ravi,AI&DS,2,23.0,73.54,53.0,36.0,,2026-02-24
1240,Manoj,ECE,1,20.0,88.56,74.0,41.0,4.0,2026-02-25
1241,Arjun,AI&DS,4,21.0,69.07,57.0,66.0,4.0,2026-02-26
1242,Keerthi,ECE,4,23.0,84.85,46.0,75.0,0.0,2026-02-27
1243,Priya,ECE,2,24.0,65.67,100.0,51.0,0.0,2026-02-28
1244,Manoj,AI&DS,3,21.0,69.55,88.0,59.0,4.0,2026-03-01
1245,Manoj,AI&DS,1,17.0,93.72,58.0,83.0,2.0,2026-03-02
1246,Priya,AI&DS,3,21.0,66.27,58.0,98.0,2.0,2026-03-03
1247,Harsha,CSE,3,22.0,98.39,88.0,67.0,1.0,2026-03-04
1248,Vikram,CSE,3,17.0,68.78,65.0,62.0,5.0,2026-03-05
1249,Harsha,EEE,3,23.0,56.06,59.0,58.0,5.0,2026-03-06
1250,Rahul,AI&DS,3,18.0,66.47,60.0,43.0,0.0,2026-03-07
1251,Sneha,CSE,3,24.0,62.7,64.0,38.0,0.0,2026-03-08
1252,Pooja,ECE,4,21.0,77.81,69.0,90.0,3.0,2026-03-09
1253,Sneha,EEE,1,19.0,60.07,37.0,37.0,4.0,2026-03-10
1254,Ravi,AI&DS,2,17.0,83.17,66.0,89.0,1.0,2026-03-11
1255,Swathi,EEE,2,17.0,94.37,64.0,51.0,1.0,2026-03-12
1256,Arjun,MECH,3,22.0,71.31,53.0,80.0,4.0,2026-03-13
1257,Swathi,ECE,1,20.0,62.58,58.0,97.0,3.0,2026-03-14
1258,Arjun,ECE,2,23.0,73.0,63.0,84.0,0.0,2026-03-15
1259,Sneha,CSE,4,18.0,90.37,59.0,83.0,4.0,2026-03-16
1260,Keerthi,MECH,1,24.0,81.62,94.0,52.0,0.0,2026-03-17
1261,Harsha,AI&DS,3,24.0,59.55,69.0,74.0,1.0,2026-03-18
1262,Sneha,MECH,3,17.0,79.17,68.0,77.0,4.0,2026-03-19
1263,Anjali,ECE,2,22.0,76.06,52.0,63.0,1.0,2026-03-20
1264,Lakshmi,CSE,1,24.0,69.72,95.0,37.0,0.0,2026-03-21
1265,Rohit,CSE,1,19.0,59.96,36.0,95.0,6.0,2026-03-22
1266,Keerthi,ECE,2,17.0,99.15,71.0,47.0,1.0,2026-03-23
1267,Vikram,ECE,1,24.0,62.92,46.0,99.0,3.0,2026-03-24
1268,Ravi,CSE,1,20.0,63.67,85.0,96.0,5.0,2026-03-25
1269,Manoj,EEE,1,17.0,61.55,59.0,36.0,6.0,2026-03-26
1270,Keerthi,MECH,1,23.0,80.66,54.0,83.0,5.0,2026-03-27
1271,Anjali,AI&DS,4,22.0,74.97,38.0,76.0,2.0,2026-03-28
1272,Rahul,AI&DS,3,17.0,66.23,87.0,50.0,5.0,2026-03-29
1273,Sneha,CSE,1,19.0,74.32,61.0,88.0,0.0,2026-03-30
1274,Rohit,EEE,3,17.0,85.31,52.0,42.0,2.0,2026-03-31
1275,Vikram,AI&DS,1,24.0,67.68,90.0,51.0,1.0,2026-04-01
1276,Pooja,MECH,2,17.0,,36.0,97.0,3.0,2026-04-02
1277,Pooja,AI&DS,1,23.0,68.79,65.0,84.0,6.0,2026-04-03
1278,Harsha,ECE,1,21.0,63.92,45.0,42.0,5.0,2026-04-04
1279,Priya,AI&DS,1,21.0,97.96,43.0,44.0,6.0,2026-04-05
1280,Priya,CSE,2,23.0,91.48,36.0,51.0,0.0,2026-04-06
1281,Anjali,EEE,2,24.0,70.44,47.0,39.0,5.0,2026-04-07
1282,Pooja,AI&DS,2,18.0,92.86,97.0,47.0,5.0,2026-04-08
1283,Swathi,ECE,3,17.0,78.35,64.0,72.0,3.0,2026-04-09
1284,Pooja,MECH,3,17.0,70.6,100.0,35.0,0.0,2026-04-10
1285,Vikram,MECH,3,22.0,92.78,52.0,53.0,0.0,2026-04-11
1286,Lakshmi,MECH,3,21.0,88.85,85.0,55.0,6.0,2026-04-12
1287,Sneha,CSE,3,17.0,68.4,40.0,99.0,2.0,2026-04-13
1288,Keerthi,ECE,2,18.0,82.3,42.0,99.0,4.0,2026-04-14
1289,Suresh,MECH,1,21.0,71.62,36.0,,6.0,2026-04-15
1290,Pooja,AI&DS,2,22.0,55.05,94.0,57.0,3.0,2026-04-16
1291,Teja,CSE,1,19.0,98.28,79.0,69.0,1.0,2026-04-17
1292,Anjali,EEE,4,24.0,79.73,84.0,68.0,3.0,2026-04-18
1293,Rohit,AI&DS,2,24.0,81.93,96.0,91.0,1.0,2026-04-19
1294,Ravi,ECE,4,23.0,82.0,56.0,84.0,1.0,2026-04-20
1295,Suresh,MECH,4,20.0,79.78,82.0,94.0,5.0,2026-04-21
1296,Suresh,ECE,2,24.0,68.05,68.0,71.0,,2026-04-22
1297,Teja,AI&DS,4,22.0,98.72,70.0,95.0,4.0,2026-04-23
1298,Vikram,AI&DS,2,21.0,82.98,78.0,84.0,5.0,2026-04-24
1299,Anjali,AI&DS,1,20.0,85.19,66.0,83.0,3.0,2026-04-25
1300,Rahul,CSE,1,23.0,75.47,36.0,78.0,3.0,2026-04-26
1301,Divya,EEE,1,21.0,67.95,39.0,57.0,1.0,2026-04-27
1302,Teja,EEE,4,18.0,57.9,68.0,75.0,3.0,2026-04-28
1303,Rahul,AI&DS,2,24.0,70.76,72.0,58.0,5.0,2026-04-29
1304,Varun,AI&DS,2,17.0,62.92,83.0,77.0,1.0,2026-04-30
1305,Suresh,MECH,2,22.0,84.79,72.0,51.0,1.0,2026-05-01
1306,Arjun,CSE,2,22.0,94.56,47.0,87.0,4.0,2026-05-02
1307,Ravi,ECE,4,21.0,68.62,59.0,72.0,6.0,2026-05-03
1308,Keerthi,AI&DS,4,17.0,69.98,64.0,81.0,2.0,2026-05-04
1309,Ravi,ECE,1,20.0,85.17,99.0,49.0,5.0,2026-05-05
1310,Arjun,CSE,3,24.0,61.72,70.0,87.0,1.0,2026-05-06
1311,Swathi,ECE,2,18.0,96.82,76.0,87.0,3.0,2026-05-07
1312,Swathi,AI&DS,1,22.0,71.37,83.0,44.0,6.0,2026-05-08
1313,Arjun,ECE,4,23.0,59.55,58.0,58.0,3.0,2026-05-09
1314,Anjali,CSE,1,24.0,62.86,98.0,79.0,3.0,2026-05-10
1315,Kiran,AI&DS,1,21.0,96.97,79.0,92.0,1.0,2026-05-11
1316,Swathi,ECE,1,19.0,66.12,90.0,83.0,3.0,2026-05-12
1317,Naveen,CSE,2,22.0,84.8,84.0,66.0,4.0,2026-05-13
1318,Naveen,CSE,3,20.0,62.03,76.0,54.0,6.0,2026-05-14
1319,Lakshmi,CSE,2,22.0,63.73,37.0,95.0,1.0,2026-05-15
1320,Harsha,AI&DS,1,22.0,94.57,73.0,92.0,2.0,2026-05-16
1321,Ravi,CSE,1,22.0,61.66,43.0,94.0,4.0,2026-05-17
1322,Arjun,MECH,4,18.0,55.84,74.0,55.0,6.0,2026-05-18
1323,Manoj,AI&DS,4,23.0,77.56,81.0,63.0,1.0,2026-05-19
1324,Lakshmi,EEE,4,21.0,93.82,70.0,51.0,4.0,2026-05-20
1325,Rohit,MECH,3,24.0,69.67,55.0,97.0,6.0,2026-05-21
1326,Kiran,CSE,3,22.0,60.77,38.0,92.0,4.0,2026-05-22
1327,Kiran,ECE,4,24.0,,79.0,46.0,2.0,2026-05-23
1328,Rahul,MECH,3,24.0,85.45,81.0,51.0,1.0,2026-05-24
1329,Arjun,ECE,2,24.0,93.28,66.0,71.0,2.0,2026-05-25
1330,Keerthi,AI&DS,2,22.0,88.85,82.0,62.0,0.0,2026-05-26
1331,Suresh,AI&DS,2,21.0,86.42,86.0,65.0,1.0,2026-05-27
1332,Divya,CSE,1,17.0,72.31,68.0,59.0,3.0,2026-05-28
1333,Ravi,ECE,1,20.0,69.6,38.0,79.0,0.0,2026-05-29
1334,Teja,MECH,3,20.0,87.26,92.0,94.0,0.0,2026-05-30
1335,Pooja,MECH,4,23.0,87.25,65.0,95.0,4.0,2026-05-31
1336,Teja,CSE,1,21.0,,79.0,65.0,0.0,2026-06-01
1337,Rohit,EEE,1,20.0,80.59,95.0,89.0,0.0,2026-06-02
1338,Ravi,AI&DS,1,18.0,68.26,58.0,80.0,4.0,2026-06-03
1339,Kiran,MECH,4,22.0,77.03,76.0,47.0,6.0,2026-06-04
1340,Rohit,CSE,2,20.0,82.62,36.0,87.0,5.0,2026-06-05
1341,Manoj,MECH,2,17.0,74.2,93.0,58.0,0.0,2026-06-06
1342,Anjali,EEE,1,,90.6,38.0,76.0,1.0,2026-06-07
1343,Manoj,CSE,4,24.0,81.31,70.0,82.0,5.0,2026-06-08
1344,Suresh,CSE,2,17.0,55.42,58.0,97.0,5.0,2026-06-09
1345,Lakshmi,EEE,4,20.0,80.64,37.0,97.0,2.0,2026-06-10
1346,Anjali,CSE,3,21.0,83.51,65.0,87.0,6.0,2026-06-11
1347,Rohit,ECE,1,17.0,96.19,96.0,68.0,6.0,2026-06-12
1348,Lakshmi,MECH,4,18.0,73.62,46.0,61.0,5.0,2026-06-13
1349,Sneha,ECE,3,24.0,80.85,54.0,64.0,5.0,2026-06-14
1350,Sneha,AI&DS,3,21.0,76.37,47.0,97.0,5.0,2026-06-15
1351,Suresh,AI&DS,1,18.0,78.92,43.0,48.0,1.0,2026-06-16
1352,Rahul,CSE,4,18.0,58.03,50.0,69.0,4.0,2026-06-17
1353,Anjali,MECH,4,20.0,,72.0,79.0,6.0,2026-06-18
1354,Vikram,AI&DS,2,22.0,95.97,86.0,36.0,1.0,2026-06-19
1355,Rohit,CSE,1,22.0,79.66,80.0,76.0,0.0,2026-06-20
1356,Rohit,AI&DS,4,,80.04,85.0,52.0,2.0,2026-06-21
1357,Sneha,MECH,4,22.0,57.59,82.0,53.0,1.0,2026-06-22
1358,Varun,CSE,3,24.0,81.91,60.0,76.0,6.0,2026-06-23
1359,Priya,MECH,3,18.0,74.31,94.0,35.0,3.0,2026-06-24
1360,Naveen,EEE,1,17.0,86.91,46.0,45.0,4.0,2026-06-25
1361,Teja,EEE,1,24.0,57.12,81.0,65.0,6.0,2026-06-26
1362,Varun,MECH,4,21.0,86.99,42.0,73.0,5.0,2026-06-27
1363,Kiran,EEE,2,23.0,67.91,,42.0,5.0,2026-06-28
1364,Varun,MECH,2,19.0,84.33,40.0,58.0,6.0,2026-06-29
1365,Arjun,CSE,3,19.0,83.22,49.0,55.0,4.0,2026-06-30
1366,Suresh,EEE,1,18.0,65.21,60.0,70.0,1.0,2026-07-01
1367,Pooja,ECE,1,18.0,74.82,80.0,54.0,5.0,2026-07-02
1368,Ravi,ECE,1,20.0,92.6,38.0,35.0,2.0,2026-07-03
1369,Rahul,MECH,2,17.0,82.25,51.0,69.0,2.0,2026-07-04
1370,Harsha,MECH,2,23.0,58.09,57.0,90.0,4.0,2026-07-05
1371,Ravi,EEE,1,21.0,74.93,83.0,73.0,2.0,2026-07-06
1372,Swathi,AI&DS,2,24.0,69.03,98.0,58.0,0.0,2026-07-07
1373,Vikram,AI&DS,2,21.0,83.87,75.0,66.0,6.0,2026-07-08
1374,Divya,AI&DS,3,19.0,82.66,68.0,44.0,3.0,2026-07-09
1375,Varun,AI&DS,3,21.0,55.47,57.0,50.0,4.0,2026-07-10
1376,Priya,AI&DS,4,,82.35,89.0,63.0,5.0,2026-07-11
1377,Naveen,CSE,4,23.0,88.07,42.0,74.0,4.0,2026-07-12
1378,Naveen,CSE,2,22.0,89.59,43.0,67.0,,2026-07-13
1379,Divya,EEE,4,18.0,57.65,48.0,98.0,5.0,2026-07-14
1380,Anjali,AI&DS,3,21.0,68.66,52.0,77.0,2.0,2026-07-15
1381,Rahul,MECH,1,21.0,73.96,65.0,36.0,5.0,2026-07-16
1382,Lakshmi,ECE,2,18.0,63.09,97.0,69.0,5.0,2026-07-17
1383,Lakshmi,CSE,3,17.0,73.93,77.0,73.0,1.0,2026-07-18
1384,Kiran,CSE,4,23.0,58.2,60.0,37.0,1.0,2026-07-19
1385,Rahul,CSE,2,19.0,60.09,48.0,60.0,6.0,2026-07-20
1386,Arjun,MECH,1,21.0,85.09,77.0,92.0,6.0,2026-07-21
1387,Priya,CSE,1,18.0,66.82,51.0,58.0,6.0,2026-07-22
1388,Teja,ECE,1,22.0,87.01,99.0,65.0,0.0,2026-07-23
1389,Varun,MECH,3,17.0,57.16,66.0,49.0,6.0,2026-07-24
1390,Sneha,MECH,3,19.0,80.32,71.0,40.0,6.0,2026-07-25
1391,Naveen,CSE,2,21.0,72.62,94.0,,5.0,2026-07-26
1392,Sneha,CSE,3,20.0,90.86,55.0,86.0,3.0,2026-07-27
1393,Divya,CSE,4,21.0,90.28,66.0,99.0,3.0,2026-07-28
1394,Keerthi,CSE,4,18.0,71.9,70.0,78.0,3.0,2026-07-29
1395,Naveen,CSE,1,20.0,83.02,52.0,89.0,0.0,2026-07-30
1396,Varun,ECE,3,23.0,65.24,38.0,77.0,3.0,2026-07-31
1397,Rahul,MECH,4,19.0,81.12,53.0,78.0,1.0,2026-08-01
1398,Sneha,ECE,4,18.0,58.66,42.0,63.0,1.0,2026-08-02
1399,Anjali,ECE,2,23.0,74.56,79.0,39.0,0.0,2026-08-03
1400,Ravi,CSE,2,23.0,63.22,35.0,62.0,3.0,2026-08-04
1401,Rohit,EEE,4,22.0,94.75,55.0,92.0,0.0,2026-08-05
1402,Harsha,ECE,1,23.0,75.02,93.0,70.0,5.0,2026-08-06
1403,Ravi,MECH,3,23.0,81.58,72.0,85.0,6.0,2026-08-07
1404,Rohit,MECH,1,22.0,71.22,79.0,38.0,5.0,2026-08-08
1405,Pooja,AI&DS,4,21.0,67.99,79.0,48.0,2.0,2026-08-09
1406,Suresh,CSE,1,17.0,64.13,54.0,54.0,1.0,2026-08-10
1407,Vikram,CSE,1,21.0,96.03,76.0,58.0,3.0,2026-08-11
1408,Arjun,AI&DS,2,19.0,90.98,49.0,100.0,4.0,2026-08-12
1409,Lakshmi,MECH,1,23.0,61.0,76.0,65.0,0.0,2026-08-13
1410,Rahul,AI&DS,2,20.0,88.6,80.0,78.0,5.0,2026-08-14
1411,Sneha,EEE,2,24.0,73.83,92.0,77.0,3.0,2026-08-15
1412,Kiran,ECE,2,21.0,55.69,95.0,62.0,5.0,2026-08-16
1413,Anjali,CSE,3,21.0,78.78,36.0,98.0,0.0,2026-08-17
1414,Arjun,AI&DS,3,24.0,60.85,54.0,49.0,2.0,2026-08-18
1415,Rahul,ECE,4,20.0,64.45,71.0,37.0,3.0,2026-08-19
1416,Swathi,ECE,2,20.0,86.32,56.0,84.0,0.0,2026-08-20
1417,Rohit,AI&DS,3,19.0,66.57,75.0,78.0,4.0,2026-08-21
1418,Arjun,CSE,3,24.0,95.13,91.0,52.0,6.0,2026-08-22
1419,Anjali,EEE,1,23.0,84.57,52.0,92.0,3.0,2026-08-23
1420,Suresh,CSE,3,18.0,92.45,93.0,45.0,2.0,2026-08-24
1421,Lakshmi,MECH,4,20.0,82.68,93.0,51.0,4.0,2026-08-25
1422,Swathi,CSE,2,19.0,94.1,95.0,45.0,2.0,2026-08-26
1423,Harsha,CSE,1,22.0,71.28,39.0,47.0,2.0,2026-08-27
1424,Keerthi,AI&DS,2,17.0,79.71,54.0,83.0,5.0,2026-08-28
1425,Vikram,ECE,2,22.0,78.22,43.0,81.0,4.0,2026-08-29
1426,Sneha,ECE,3,22.0,95.67,42.0,77.0,1.0,2026-08-30
1427,Varun,AI&DS,4,18.0,62.42,38.0,91.0,2.0,2026-08-31
1428,Teja,MECH,3,18.0,81.01,64.0,39.0,5.0,2026-09-01
1429,Rahul,AI&DS,1,22.0,88.95,40.0,75.0,3.0,2026-09-02
1430,Naveen,AI&DS,2,19.0,71.65,54.0,42.0,0.0,2026-09-03
1431,Priya,AI&DS,3,24.0,94.04,99.0,98.0,5.0,2026-09-04
1432,Naveen,CSE,2,23.0,71.79,93.0,76.0,5.0,2026-09-05
1433,Teja,ECE,3,24.0,62.8,96.0,85.0,1.0,2026-09-06
1434,Arjun,CSE,3,21.0,81.28,37.0,72.0,6.0,2026-09-07
1435,Vikram,ECE,2,24.0,73.93,78.0,60.0,6.0,2026-09-08
1436,Arjun,CSE,3,17.0,55.68,76.0,80.0,6.0,2026-09-09
1437,Keerthi,MECH,2,19.0,58.14,43.0,90.0,2.0,2026-09-10
1438,Lakshmi,AI&DS,1,17.0,63.79,94.0,46.0,6.0,2026-09-11
1439,Priya,MECH,2,22.0,89.62,61.0,92.0,5.0,2026-09-12
1440,Divya,AI&DS,2,21.0,95.14,99.0,82.0,6.0,2026-09-13
1441,Rohit,CSE,1,19.0,79.55,42.0,40.0,3.0,2026-09-14
1442,Ravi,EEE,4,19.0,59.75,77.0,96.0,1.0,2026-09-15
1443,Arjun,ECE,3,22.0,79.05,43.0,46.0,1.0,2026-09-16
1444,Pooja,EEE,1,18.0,93.5,97.0,74.0,6.0,2026-09-17
1445,Suresh,AI&DS,4,21.0,88.73,75.0,43.0,3.0,2026-09-18
1446,Swathi,ECE,4,21.0,68.1,39.0,47.0,6.0,2026-09-19
1447,Ravi,MECH,1,18.0,60.58,49.0,77.0,3.0,2026-09-20
1448,Rohit,ECE,1,18.0,95.53,58.0,79.0,3.0,2026-09-21
1449,Suresh,AI&DS,2,19.0,93.43,35.0,80.0,0.0,2026-09-22
1450,Anjali,ECE,3,21.0,57.42,35.0,57.0,2.0,2026-09-23
1451,Rohit,ECE,3,19.0,,96.0,89.0,3.0,2026-09-24
1452,Lakshmi,MECH,2,20.0,59.37,99.0,38.0,0.0,2026-09-25
1453,Pooja,AI&DS,3,21.0,57.85,70.0,91.0,1.0,2026-09-26
1454,Rahul,AI&DS,1,18.0,89.14,94.0,54.0,4.0,2026-09-27
1455,Keerthi,EEE,3,21.0,79.13,78.0,75.0,1.0,2026-09-28
1456,Keerthi,ECE,4,18.0,73.65,36.0,94.0,4.0,2026-09-29
1457,Arjun,EEE,3,18.0,95.67,82.0,51.0,3.0,2026-09-30
1458,Manoj,AI&DS,2,18.0,92.77,36.0,62.0,2.0,2026-10-01
1459,Teja,CSE,2,19.0,57.59,88.0,89.0,0.0,2026-10-02
1460,Arjun,EEE,4,17.0,82.72,59.0,92.0,2.0,2026-10-03
1461,Naveen,CSE,1,24.0,89.75,44.0,50.0,3.0,2026-10-04
1462,Arjun,CSE,2,,79.77,52.0,68.0,4.0,2026-10-05
1463,Naveen,ECE,1,23.0,99.24,80.0,56.0,1.0,2026-10-06
1464,Vikram,EEE,4,24.0,85.87,90.0,69.0,0.0,2026-10-07
1465,Rahul,MECH,2,23.0,59.69,72.0,60.0,6.0,2026-10-08
1466,Rohit,AI&DS,4,23.0,63.92,45.0,,6.0,2026-10-09
1467,Sneha,CSE,3,17.0,92.18,94.0,96.0,6.0,2026-10-10
1468,Keerthi,MECH,3,19.0,99.85,87.0,77.0,2.0,2026-10-11
1469,Sneha,CSE,3,22.0,59.43,62.0,65.0,4.0,2026-10-12
1470,Lakshmi,CSE,1,21.0,59.51,71.0,42.0,0.0,2026-10-13
1471,Naveen,AI&DS,3,17.0,89.35,98.0,39.0,,2026-10-14
1472,Teja,ECE,3,21.0,57.9,59.0,66.0,0.0,2026-10-15
1473,Vikram,MECH,4,23.0,58.09,36.0,77.0,3.0,2026-10-16
1474,Pooja,EEE,3,23.0,95.0,44.0,52.0,5.0,2026-10-17
1475,Manoj,EEE,4,20.0,91.02,74.0,84.0,5.0,2026-10-18
1476,Harsha,CSE,4,18.0,94.67,100.0,60.0,6.0,2026-10-19
1477,Teja,AI&DS,3,19.0,84.27,83.0,,3.0,2026-10-20
1478,Rahul,AI&DS,2,19.0,69.51,75.0,70.0,0.0,2026-10-21
1479,Swathi,CSE,1,19.0,95.78,56.0,46.0,0.0,2026-10-22
1480,Arjun,AI&DS,2,19.0,68.44,63.0,35.0,1.0,2026-10-23
1481,Anjali,AI&DS,4,20.0,67.4,37.0,43.0,0.0,2026-10-24
1482,Teja,CSE,1,17.0,94.89,59.0,53.0,3.0,2026-10-25
1483,Anjali,ECE,2,19.0,85.64,76.0,68.0,0.0,2026-10-26
1484,Harsha,EEE,3,19.0,95.31,94.0,100.0,1.0,2026-10-27
1485,Pooja,CSE,1,18.0,62.02,95.0,49.0,2.0,2026-10-28
1486,Kiran,AI&DS,4,24.0,97.85,89.0,38.0,5.0,2026-10-29
1487,Ravi,EEE,3,22.0,82.57,36.0,47.0,4.0,2026-10-30
1488,Suresh,EEE,1,24.0,85.06,88.0,56.0,0.0,2026-10-31
1489,Harsha,EEE,1,21.0,96.13,49.0,48.0,6.0,2026-11-01
1490,Manoj,AI&DS,3,17.0,72.13,75.0,56.0,3.0,2026-11-02
1491,Lakshmi,EEE,4,24.0,87.38,97.0,98.0,2.0,2026-11-03
1492,Varun,CSE,4,20.0,83.82,93.0,60.0,2.0,2026-11-04
1493,Harsha,AI&DS,4,22.0,90.45,78.0,76.0,5.0,2026-11-05
1494,Manoj,CSE,1,20.0,95.36,54.0,80.0,3.0,2026-11-06
1495,Anjali,AI&DS,3,20.0,85.6,69.0,43.0,1.0,2026-11-07
1496,Vikram,AI&DS,1,20.0,58.04,81.0,51.0,2.0,2026-11-08
1497,Arjun,CSE,1,19.0,63.24,68.0,62.0,0.0,2026-11-09
1498,Divya,EEE,3,21.0,97.93,61.0,65.0,1.0,2026-11-10
1499,Lakshmi,AI&DS,2,22.0,98.59,61.0,35.0,2.0,2026-11-11
1500,Vikram,AI&DS,3,17.0,98.53,74.0,77.0,1.0,2026-11-12
1501,Arjun,CSE,4,18.0,56.66,37.0,54.0,2.0,2026-11-13
1502,Swathi,AI&DS,1,23.0,72.21,100.0,56.0,0.0,2026-11-14
1503,Rohit,AI&DS,3,21.0,89.19,41.0,74.0,4.0,2026-11-15
1504,Varun,AI&DS,4,24.0,88.88,99.0,97.0,0.0,2026-11-16
1505,Anjali,CSE,2,21.0,58.87,37.0,92.0,1.0,2026-11-17
1506,Pooja,EEE,3,22.0,82.43,68.0,99.0,6.0,2026-11-18
1507,Suresh,MECH,2,24.0,61.43,62.0,62.0,0.0,2026-11-19
1508,Kiran,AI&DS,4,22.0,77.19,72.0,42.0,1.0,2026-11-20
1509,Anjali,ECE,1,19.0,65.79,63.0,49.0,3.0,2026-11-21
1510,Kiran,MECH,4,21.0,,94.0,57.0,2.0,2026-11-22
1511,Rohit,MECH,4,18.0,58.6,36.0,54.0,2.0,2026-11-23
1512,Naveen,ECE,4,19.0,95.99,100.0,48.0,0.0,2026-11-24
1513,Teja,MECH,2,22.0,,80.0,44.0,2.0,2026-11-25
1514,Teja,MECH,3,18.0,96.93,86.0,47.0,5.0,2026-11-26
1515,Rohit,EEE,2,22.0,76.15,44.0,78.0,4.0,2026-11-27
1516,Arjun,AI&DS,2,21.0,73.6,39.0,67.0,6.0,2026-11-28
1517,Varun,CSE,4,19.0,71.13,61.0,37.0,4.0,2026-11-29
1518,Priya,CSE,3,17.0,82.73,56.0,72.0,5.0,2026-11-30
1519,Pooja,AI&DS,3,22.0,70.82,86.0,90.0,3.0,2026-12-01
1520,Keerthi,AI&DS,1,23.0,,94.0,63.0,4.0,2026-12-02
1521,Divya,AI&DS,4,22.0,91.06,63.0,56.0,4.0,2026-12-03
1522,Arjun,ECE,3,20.0,94.41,85.0,52.0,5.0,2026-12-04
1523,Sneha,ECE,4,22.0,65.93,38.0,60.0,3.0,2026-12-05
1524,Teja,EEE,1,20.0,78.72,83.0,53.0,2.0,2026-12-06
1525,Ravi,CSE,3,19.0,65.06,41.0,95.0,0.0,2026-12-07
1526,Ravi,CSE,3,19.0,56.69,79.0,100.0,6.0,2026-12-08
1527,Lakshmi,EEE,3,18.0,86.85,60.0,57.0,3.0,2026-12-09
1528,Arjun,EEE,1,24.0,79.7,62.0,,5.0,2026-12-10
1529,Lakshmi,MECH,2,22.0,87.58,53.0,91.0,4.0,2026-12-11
1530,Lakshmi,MECH,2,18.0,58.94,61.0,40.0,0.0,2026-12-12
1531,Keerthi,MECH,3,23.0,99.8,92.0,67.0,4.0,2026-12-13
1532,Sneha,AI&DS,1,18.0,99.75,88.0,78.0,3.0,2026-12-14
1533,Sneha,AI&DS,2,21.0,75.92,57.0,62.0,1.0,2026-12-15
1534,Anjali,AI&DS,3,18.0,93.97,54.0,65.0,1.0,2026-12-16
1535,Keerthi,ECE,1,19.0,65.96,68.0,67.0,4.0,2026-12-17
1536,Sneha,MECH,4,22.0,88.19,80.0,80.0,0.0,2026-12-18
1537,Pooja,AI&DS,3,24.0,94.57,47.0,54.0,4.0,2026-12-19
1538,Arjun,ECE,1,24.0,91.66,82.0,74.0,5.0,2026-12-20
1539,Suresh,AI&DS,1,24.0,91.53,97.0,51.0,0.0,2026-12-21
1540,Rahul,CSE,4,18.0,75.84,90.0,93.0,0.0,2026-12-22
1541,Naveen,CSE,2,17.0,91.9,71.0,40.0,0.0,2026-12-23
1542,Priya,CSE,4,24.0,86.08,56.0,39.0,5.0,2026-12-24
1543,Sneha,MECH,2,24.0,60.96,56.0,37.0,5.0,2026-12-25
1544,Sneha,AI&DS,2,19.0,60.14,83.0,58.0,6.0,2026-12-26
1545,Teja,EEE,2,17.0,89.74,65.0,75.0,0.0,2026-12-27
1546,Priya,ECE,3,22.0,83.15,42.0,100.0,3.0,2026-12-28
1547,Vikram,CSE,1,17.0,78.37,79.0,65.0,0.0,2026-12-29
1548,Keerthi,CSE,2,17.0,95.83,44.0,47.0,2.0,2026-12-30
1549,Suresh,EEE,2,24.0,84.68,100.0,59.0,2.0,2026-12-31
1550,Swathi,AI&DS,1,20.0,72.83,62.0,43.0,4.0,2027-01-01
1551,Teja,MECH,2,17.0,73.63,57.0,66.0,6.0,2027-01-02
1552,Divya,CSE,3,22.0,82.24,38.0,83.0,5.0,2027-01-03
1553,Teja,ECE,3,19.0,89.21,46.0,37.0,0.0,2027-01-04
1554,Ravi,EEE,1,21.0,80.4,97.0,86.0,1.0,2027-01-05
1555,Rohit,CSE,4,24.0,77.89,70.0,50.0,1.0,2027-01-06
1556,Suresh,AI&DS,4,18.0,87.71,94.0,79.0,1.0,2027-01-07
1557,Naveen,MECH,3,22.0,86.74,,88.0,2.0,2027-01-08
1558,Varun,AI&DS,4,23.0,92.37,38.0,86.0,4.0,2027-01-09
1559,Harsha,AI&DS,2,20.0,57.81,60.0,79.0,5.0,2027-01-10
1560,Varun,AI&DS,4,24.0,88.97,90.0,80.0,6.0,2027-01-11
1561,Suresh,AI&DS,3,20.0,78.12,67.0,47.0,4.0,2027-01-12
1562,Rahul,EEE,3,20.0,58.36,68.0,43.0,2.0,2027-01-13
1563,Pooja,EEE,1,24.0,85.56,72.0,60.0,1.0,2027-01-14
1564,Sneha,AI&DS,3,22.0,87.24,81.0,75.0,2.0,2027-01-15
1565,Varun,EEE,4,23.0,78.56,96.0,75.0,5.0,2027-01-16
1566,Kiran,CSE,4,23.0,90.72,93.0,86.0,6.0,2027-01-17
1567,Kiran,CSE,2,22.0,68.51,76.0,55.0,2.0,2027-01-18
1568,Kiran,ECE,1,18.0,64.09,73.0,92.0,1.0,2027-01-19
1569,Manoj,MECH,3,20.0,70.78,58.0,64.0,0.0,2027-01-20
1570,Keerthi,CSE,1,23.0,73.45,42.0,51.0,0.0,2027-01-21
1571,Lakshmi,CSE,1,21.0,86.32,81.0,83.0,4.0,2027-01-22
1572,Vikram,ECE,3,19.0,93.05,35.0,43.0,4.0,2027-01-23
1573,Anjali,EEE,4,19.0,87.44,,61.0,4.0,2027-01-24
1574,Rahul,CSE,2,23.0,62.83,67.0,86.0,0.0,2027-01-25
1575,Rahul,AI&DS,2,18.0,71.48,86.0,85.0,3.0,2027-01-26
1576,Divya,EEE,2,17.0,62.13,97.0,51.0,1.0,2027-01-27
1577,Lakshmi,AI&DS,2,23.0,85.9,71.0,45.0,2.0,2027-01-28
1578,Suresh,CSE,1,19.0,66.17,72.0,37.0,4.0,2027-01-29
1579,Varun,CSE,3,23.0,78.64,67.0,40.0,1.0,2027-01-30
1580,Arjun,AI&DS,3,21.0,90.63,59.0,89.0,4.0,2027-01-31
1581,Priya,AI&DS,2,24.0,85.19,40.0,86.0,2.0,2027-02-01
1582,Teja,MECH,2,21.0,68.43,37.0,68.0,3.0,2027-02-02
1583,Arjun,ECE,4,23.0,69.98,82.0,72.0,3.0,2027-02-03
1584,Priya,ECE,1,23.0,84.4,95.0,56.0,2.0,2027-02-04
1585,Vikram,MECH,1,18.0,79.73,38.0,47.0,0.0,2027-02-05
1586,Lakshmi,AI&DS,1,24.0,59.34,56.0,35.0,4.0,2027-02-06
1587,Swathi,AI&DS,4,22.0,94.33,75.0,79.0,6.0,2027-02-07
1588,Priya,MECH,2,17.0,78.07,81.0,37.0,4.0,2027-02-08
1589,Teja,CSE,1,17.0,76.3,83.0,41.0,5.0,2027-02-09
1590,Teja,EEE,4,19.0,63.93,80.0,87.0,5.0,2027-02-10
1591,Teja,EEE,1,17.0,71.96,40.0,73.0,0.0,2027-02-11
1592,Lakshmi,CSE,2,19.0,69.98,51.0,67.0,5.0,2027-02-12
1593,Kiran,AI&DS,1,24.0,67.18,65.0,49.0,1.0,2027-02-13
1594,Rohit,CSE,3,20.0,80.53,39.0,44.0,4.0,2027-02-14
1595,Ravi,CSE,3,17.0,75.8,57.0,65.0,6.0,2027-02-15
1596,Teja,AI&DS,4,20.0,95.01,60.0,58.0,6.0,2027-02-16
1597,Keerthi,AI&DS,2,18.0,97.36,99.0,70.0,2.0,2027-02-17
1598,Harsha,EEE,2,23.0,64.88,55.0,45.0,5.0,2027-02-18
1599,Manoj,MECH,4,17.0,59.5,99.0,50.0,4.0,2027-02-19
1600,Manoj,EEE,4,23.0,90.34,81.0,42.0,0.0,2027-02-20
1601,Manoj,AI&DS,1,20.0,99.77,80.0,63.0,1.0,2027-02-21
1602,Harsha,AI&DS,3,17.0,93.86,89.0,53.0,6.0,2027-02-22
1603,Naveen,AI&DS,4,22.0,56.07,90.0,49.0,6.0,2027-02-23
1604,Arjun,CSE,3,20.0,66.31,49.0,71.0,6.0,2027-02-24
1605,Teja,MECH,3,23.0,56.95,62.0,67.0,2.0,2027-02-25
1606,Suresh,AI&DS,1,21.0,91.94,69.0,48.0,2.0,2027-02-26
1607,Ravi,CSE,1,23.0,81.16,99.0,81.0,5.0,2027-02-27
1608,Suresh,EEE,1,20.0,78.12,37.0,57.0,0.0,2027-02-28
1609,Rohit,AI&DS,1,17.0,79.95,66.0,57.0,6.0,2027-03-01
1610,Varun,CSE,4,18.0,66.36,49.0,66.0,4.0,2027-03-02
1611,Teja,CSE,3,20.0,82.07,48.0,44.0,4.0,2027-03-03
1612,Pooja,ECE,4,20.0,56.38,85.0,62.0,3.0,2027-03-04
1613,Harsha,EEE,2,23.0,84.07,48.0,73.0,6.0,2027-03-05
1614,Divya,CSE,4,20.0,88.05,87.0,43.0,5.0,2027-03-06
1615,Swathi,MECH,1,23.0,,100.0,72.0,0.0,2027-03-07
1616,Manoj,MECH,4,18.0,69.95,86.0,37.0,3.0,2027-03-08
1617,Kiran,EEE,1,20.0,92.18,46.0,74.0,6.0,2027-03-09
1618,Anjali,CSE,1,23.0,87.2,44.0,37.0,0.0,2027-03-10
1619,Priya,CSE,1,17.0,60.77,63.0,46.0,5.0,2027-03-11
1620,Arjun,MECH,4,19.0,63.78,71.0,58.0,1.0,2027-03-12
1621,Vikram,AI&DS,2,23.0,83.67,86.0,75.0,3.0,2027-03-13
1622,Pooja,ECE,2,21.0,68.02,62.0,82.0,6.0,2027-03-14
1623,Sneha,EEE,2,23.0,60.37,46.0,65.0,3.0,2027-03-15
1624,Vikram,CSE,4,21.0,61.97,100.0,43.0,0.0,2027-03-16
1625,Manoj,EEE,2,23.0,62.45,94.0,60.0,0.0,2027-03-17
1626,Kiran,MECH,1,24.0,76.5,78.0,86.0,5.0,2027-03-18
1627,Ravi,EEE,2,24.0,82.33,80.0,40.0,6.0,2027-03-19
1628,Divya,AI&DS,2,17.0,62.94,96.0,82.0,2.0,2027-03-20
1629,Suresh,MECH,3,21.0,87.06,66.0,60.0,6.0,2027-03-21
1630,Divya,ECE,4,17.0,67.65,44.0,35.0,3.0,2027-03-22
1631,Naveen,EEE,1,18.0,69.02,74.0,80.0,,2027-03-23
1632,Ravi,EEE,4,19.0,65.06,64.0,36.0,3.0,2027-03-24
1633,Vikram,EEE,1,22.0,90.33,87.0,59.0,6.0,2027-03-25
1634,Divya,AI&DS,3,20.0,98.19,85.0,47.0,1.0,2027-03-26
1635,Sneha,CSE,2,23.0,77.16,66.0,73.0,6.0,2027-03-27
1636,Swathi,CSE,2,19.0,56.89,59.0,38.0,4.0,2027-03-28
1637,Kiran,ECE,2,21.0,66.73,62.0,,2.0,2027-03-29
1638,Anjali,ECE,2,23.0,62.11,76.0,70.0,4.0,2027-03-30
1639,Harsha,ECE,4,24.0,92.92,77.0,100.0,2.0,2027-03-31
1640,Lakshmi,AI&DS,4,18.0,58.82,68.0,37.0,0.0,2027-04-01
1641,Swathi,EEE,4,22.0,98.49,70.0,65.0,6.0,2027-04-02
1642,Lakshmi,MECH,2,17.0,81.48,100.0,87.0,2.0,2027-04-03
1643,Varun,CSE,3,21.0,78.3,51.0,54.0,3.0,2027-04-04
1644,Pooja,EEE,2,20.0,93.13,46.0,67.0,5.0,2027-04-05
1645,Harsha,ECE,4,24.0,56.24,87.0,90.0,0.0,2027-04-06
1646,Ravi,ECE,3,23.0,89.97,96.0,83.0,5.0,2027-04-07
1647,Pooja,CSE,2,24.0,60.25,75.0,54.0,2.0,2027-04-08
1648,Suresh,EEE,2,23.0,92.84,61.0,84.0,3.0,2027-04-09
1649,Rohit,MECH,2,20.0,78.81,58.0,79.0,3.0,2027-04-10
1650,Teja,EEE,3,22.0,57.75,65.0,68.0,5.0,2027-04-11
1651,Pooja,MECH,3,17.0,92.5,38.0,64.0,1.0,2027-04-12
1652,Swathi,MECH,2,21.0,56.23,69.0,96.0,0.0,2027-04-13
1653,Kiran,AI&DS,4,17.0,61.23,52.0,92.0,2.0,2027-04-14
1654,Teja,ECE,4,22.0,90.9,52.0,100.0,0.0,2027-04-15
1655,Keerthi,AI&DS,2,24.0,75.92,71.0,79.0,1.0,2027-04-16
1656,Suresh,MECH,4,22.0,94.66,98.0,58.0,4.0,2027-04-17
1657,Harsha,CSE,1,23.0,83.59,48.0,42.0,5.0,2027-04-18
1658,Manoj,AI&DS,4,18.0,83.06,95.0,43.0,4.0,2027-04-19
1659,Priya,MECH,2,24.0,68.15,69.0,97.0,2.0,2027-04-20
1660,Anjali,AI&DS,3,21.0,61.02,99.0,58.0,5.0,2027-04-21
1661,Sneha,EEE,2,22.0,98.25,60.0,42.0,2.0,2027-04-22
1662,Naveen,AI&DS,2,23.0,59.72,100.0,49.0,1.0,2027-04-23
1663,Rahul,MECH,2,22.0,78.81,78.0,36.0,5.0,2027-04-24
1664,Kiran,MECH,3,19.0,67.27,79.0,70.0,3.0,2027-04-25
1665,Keerthi,AI&DS,1,21.0,66.89,72.0,74.0,2.0,2027-04-26
1666,Swathi,EEE,4,22.0,81.76,64.0,59.0,4.0,2027-04-27
1667,Suresh,AI&DS,4,23.0,90.91,69.0,84.0,5.0,2027-04-28
1668,Varun,ECE,3,20.0,89.97,91.0,66.0,1.0,2027-04-29
1669,Lakshmi,ECE,3,21.0,94.1,87.0,98.0,0.0,2027-04-30
1670,Arjun,EEE,3,21.0,68.18,36.0,85.0,3.0,2027-05-01
1671,Rohit,CSE,1,17.0,75.96,80.0,39.0,0.0,2027-05-02
1672,Manoj,CSE,3,17.0,55.42,90.0,53.0,4.0,2027-05-03
1673,Manoj,EEE,1,17.0,88.61,84.0,84.0,3.0,2027-05-04
1674,Priya,ECE,3,22.0,68.61,67.0,70.0,1.0,2027-05-05
1675,Manoj,AI&DS,2,20.0,80.27,57.0,84.0,4.0,2027-05-06
1676,Naveen,CSE,3,23.0,62.62,79.0,57.0,2.0,2027-05-07
1677,Keerthi,AI&DS,4,22.0,91.87,,37.0,2.0,2027-05-08
1678,Priya,MECH,1,18.0,91.78,59.0,86.0,1.0,2027-05-09
1679,Suresh,CSE,3,17.0,94.49,61.0,86.0,4.0,2027-05-10
1680,Lakshmi,AI&DS,2,19.0,57.07,59.0,77.0,6.0,2027-05-11
1681,Naveen,MECH,2,24.0,99.66,37.0,61.0,4.0,2027-05-12
1682,Arjun,CSE,3,17.0,66.15,37.0,35.0,1.0,2027-05-13
1683,Rohit,EEE,4,18.0,68.92,40.0,83.0,5.0,2027-05-14
1684,Rohit,AI&DS,1,17.0,66.22,62.0,78.0,0.0,2027-05-15
1685,Sneha,MECH,4,20.0,67.04,68.0,79.0,2.0,2027-05-16
1686,Teja,EEE,4,24.0,79.87,61.0,46.0,0.0,2027-05-17
1687,Vikram,MECH,3,22.0,65.79,98.0,83.0,5.0,2027-05-18
1688,Keerthi,CSE,3,20.0,72.72,49.0,82.0,0.0,2027-05-19
1689,Vikram,ECE,2,18.0,84.5,60.0,91.0,3.0,2027-05-20
1690,Harsha,EEE,1,19.0,92.62,51.0,72.0,1.0,2027-05-21
1691,Rohit,CSE,3,21.0,86.17,54.0,83.0,1.0,2027-05-22
1692,Harsha,CSE,4,19.0,81.74,73.0,61.0,4.0,2027-05-23
1693,Lakshmi,CSE,1,22.0,61.65,55.0,80.0,5.0,2027-05-24
1694,Lakshmi,MECH,3,24.0,91.73,55.0,80.0,0.0,2027-05-25
1695,Priya,EEE,3,18.0,56.68,79.0,86.0,1.0,2027-05-26
1696,Anjali,ECE,4,19.0,66.89,89.0,91.0,2.0,2027-05-27
1697,Naveen,EEE,2,18.0,57.57,49.0,35.0,6.0,2027-05-28
1698,Keerthi,ECE,2,22.0,85.03,42.0,86.0,0.0,2027-05-29
1699,Priya,AI&DS,2,20.0,71.58,50.0,87.0,1.0,2027-05-30
1700,Priya,AI&DS,4,19.0,84.34,73.0,70.0,2.0,2027-05-31
1701,Suresh,ECE,4,18.0,70.62,98.0,69.0,2.0,2027-06-01
1702,Manoj,CSE,2,17.0,75.51,45.0,82.0,0.0,2027-06-02
1703,Sneha,MECH,4,20.0,75.61,37.0,65.0,3.0,2027-06-03
1704,Sneha,EEE,3,22.0,57.05,69.0,62.0,4.0,2027-06-04
1705,Arjun,AI&DS,2,18.0,74.36,100.0,88.0,1.0,2027-06-05
1706,Keerthi,ECE,1,17.0,83.85,71.0,87.0,4.0,2027-06-06
1707,Rahul,CSE,3,20.0,79.57,96.0,48.0,0.0,2027-06-07
1708,Keerthi,MECH,3,22.0,58.39,77.0,89.0,5.0,2027-06-08
1709,Pooja,MECH,4,19.0,85.06,37.0,56.0,1.0,2027-06-09
1710,Pooja,MECH,3,19.0,68.9,63.0,44.0,1.0,2027-06-10
1711,Swathi,AI&DS,1,18.0,55.65,85.0,92.0,1.0,2027-06-11
1712,Suresh,CSE,3,22.0,62.0,68.0,50.0,6.0,2027-06-12
1713,Naveen,CSE,3,23.0,77.39,47.0,48.0,3.0,2027-06-13
1714,Harsha,CSE,2,23.0,68.97,46.0,52.0,4.0,2027-06-14
1715,Lakshmi,CSE,2,21.0,,78.0,67.0,1.0,2027-06-15
1716,Harsha,CSE,4,22.0,65.83,65.0,45.0,0.0,2027-06-16
1717,Suresh,MECH,3,20.0,89.78,72.0,45.0,0.0,2027-06-17
1718,Pooja,CSE,3,17.0,67.89,59.0,60.0,3.0,2027-06-18
1719,Kiran,CSE,2,19.0,82.94,57.0,49.0,2.0,2027-06-19
1720,Keerthi,EEE,2,22.0,90.96,78.0,47.0,5.0,2027-06-20
1721,Arjun,ECE,3,22.0,72.35,35.0,95.0,5.0,2027-06-21
1722,Lakshmi,EEE,4,,57.11,63.0,74.0,2.0,2027-06-22
1723,Teja,ECE,3,24.0,79.1,59.0,35.0,3.0,2027-06-23
1724,Arjun,MECH,3,18.0,,86.0,41.0,2.0,2027-06-24
1725,Harsha,ECE,1,17.0,98.6,83.0,88.0,4.0,2027-06-25
1726,Arjun,ECE,4,19.0,64.95,63.0,52.0,4.0,2027-06-26
1727,Naveen,EEE,1,24.0,89.01,52.0,45.0,4.0,2027-06-27
1728,Priya,AI&DS,4,23.0,70.52,50.0,78.0,0.0,2027-06-28
1729,Pooja,AI&DS,2,17.0,62.21,48.0,90.0,2.0,2027-06-29
1730,Swathi,AI&DS,4,18.0,84.97,53.0,61.0,6.0,2027-06-30
1731,Naveen,CSE,4,21.0,77.54,85.0,84.0,2.0,2027-07-01
1732,Vikram,EEE,4,22.0,79.27,37.0,62.0,1.0,2027-07-02
1733,Lakshmi,AI&DS,4,24.0,92.23,36.0,42.0,1.0,2027-07-03
1734,Harsha,CSE,3,23.0,70.14,70.0,87.0,0.0,2027-07-04
1735,Kiran,CSE,4,18.0,85.02,49.0,95.0,5.0,2027-07-05
1736,Swathi,EEE,1,17.0,71.48,89.0,99.0,0.0,2027-07-06
1737,Naveen,AI&DS,1,22.0,56.92,84.0,41.0,4.0,2027-07-07
1738,Ravi,ECE,3,21.0,72.01,85.0,72.0,2.0,2027-07-08
1739,Naveen,MECH,4,24.0,97.75,65.0,76.0,0.0,2027-07-09
1740,Varun,CSE,4,21.0,76.75,63.0,40.0,6.0,2027-07-10
1741,Teja,EEE,3,21.0,59.87,63.0,97.0,5.0,2027-07-11
1742,Harsha,AI&DS,3,19.0,85.95,47.0,41.0,5.0,2027-07-12
1743,Manoj,CSE,3,,98.35,72.0,52.0,6.0,2027-07-13
1744,Anjali,ECE,4,24.0,95.86,91.0,98.0,6.0,2027-07-14
1745,Harsha,MECH,4,23.0,80.74,51.0,71.0,4.0,2027-07-15
1746,Divya,AI&DS,1,18.0,71.93,38.0,79.0,3.0,2027-07-16
1747,Suresh,ECE,3,22.0,81.13,72.0,67.0,4.0,2027-07-17
1748,Ravi,AI&DS,2,19.0,91.72,61.0,84.0,3.0,2027-07-18
1749,Ravi,ECE,4,20.0,93.76,87.0,40.0,1.0,2027-07-19
1750,Sneha,ECE,3,23.0,91.85,91.0,79.0,2.0,2027-07-20
1751,Rohit,ECE,4,23.0,75.5,97.0,39.0,3.0,2027-07-21
1752,Arjun,ECE,2,18.0,60.35,60.0,46.0,0.0,2027-07-22
1753,Priya,CSE,3,19.0,80.61,94.0,68.0,5.0,2027-07-23
1754,Lakshmi,ECE,1,23.0,62.04,42.0,64.0,6.0,2027-07-24
1755,Keerthi,ECE,4,24.0,57.74,59.0,45.0,2.0,2027-07-25
1756,Vikram,ECE,1,17.0,77.44,52.0,87.0,3.0,2027-07-26
1757,Naveen,CSE,2,23.0,84.49,95.0,54.0,5.0,2027-07-27
1758,Divya,AI&DS,4,20.0,93.44,74.0,92.0,3.0,2027-07-28
1759,Arjun,AI&DS,4,,90.23,59.0,35.0,4.0,2027-07-29
1760,Naveen,CSE,2,17.0,93.58,45.0,50.0,3.0,2027-07-30
1761,Sneha,CSE,2,22.0,89.2,86.0,54.0,1.0,2027-07-31
1762,Keerthi,AI&DS,1,22.0,86.65,78.0,74.0,5.0,2027-08-01
1763,Lakshmi,EEE,4,22.0,55.46,91.0,61.0,1.0,2027-08-02
1764,Lakshmi,CSE,1,23.0,83.17,63.0,45.0,1.0,2027-08-03
1765,Divya,EEE,1,24.0,60.42,44.0,72.0,4.0,2027-08-04
1766,Harsha,ECE,2,23.0,57.64,57.0,98.0,4.0,2027-08-05
1767,Manoj,EEE,1,22.0,62.04,75.0,43.0,6.0,2027-08-06
1768,Pooja,AI&DS,1,24.0,92.05,50.0,51.0,4.0,2027-08-07
1769,Arjun,AI&DS,3,22.0,88.47,39.0,66.0,0.0,2027-08-08
1770,Divya,ECE,3,22.0,97.69,89.0,82.0,5.0,2027-08-09
1771,Swathi,MECH,2,21.0,99.05,70.0,44.0,2.0,2027-08-10
1772,Rohit,AI&DS,4,23.0,95.2,61.0,50.0,0.0,2027-08-11
1773,Rahul,ECE,3,17.0,60.98,71.0,50.0,4.0,2027-08-12
1774,Naveen,ECE,1,21.0,94.53,83.0,75.0,1.0,2027-08-13
1775,Teja,EEE,3,20.0,92.74,35.0,40.0,2.0,2027-08-14
1776,Rohit,CSE,3,24.0,94.2,64.0,78.0,3.0,2027-08-15
1777,Vikram,ECE,4,17.0,61.83,51.0,63.0,0.0,2027-08-16
1778,Arjun,AI&DS,1,22.0,60.26,41.0,56.0,5.0,2027-08-17
1779,Anjali,MECH,1,18.0,96.57,37.0,91.0,3.0,2027-08-18
1780,Varun,AI&DS,2,24.0,62.82,64.0,89.0,6.0,2027-08-19
1781,Varun,AI&DS,2,23.0,71.59,70.0,87.0,3.0,2027-08-20
1782,Manoj,MECH,4,18.0,75.52,68.0,93.0,4.0,2027-08-21
1783,Arjun,AI&DS,3,23.0,60.6,86.0,50.0,5.0,2027-08-22
1784,Arjun,CSE,3,20.0,55.93,65.0,91.0,1.0,2027-08-23
1785,Pooja,CSE,3,24.0,99.73,73.0,46.0,6.0,2027-08-24
1786,Keerthi,CSE,4,22.0,94.45,88.0,56.0,1.0,2027-08-25
1787,Rahul,CSE,2,17.0,96.06,78.0,71.0,6.0,2027-08-26
1788,Swathi,AI&DS,1,18.0,67.81,95.0,84.0,4.0,2027-08-27
1789,Suresh,EEE,1,20.0,64.9,49.0,73.0,3.0,2027-08-28
1790,Rahul,EEE,2,18.0,74.16,86.0,71.0,,2027-08-29
1791,Priya,CSE,3,18.0,75.4,80.0,59.0,3.0,2027-08-30
1792,Pooja,ECE,2,24.0,55.25,73.0,74.0,3.0,2027-08-31
1793,Naveen,CSE,2,23.0,90.07,35.0,66.0,6.0,2027-09-01
1794,Teja,MECH,2,20.0,99.85,70.0,66.0,5.0,2027-09-02
1795,Vikram,CSE,4,18.0,78.79,91.0,,3.0,2027-09-03
1796,Anjali,ECE,4,18.0,72.47,77.0,74.0,2.0,2027-09-04
1797,Rohit,AI&DS,1,24.0,72.67,35.0,56.0,2.0,2027-09-05
1798,Pooja,ECE,1,19.0,59.32,53.0,43.0,2.0,2027-09-06
1799,Ravi,AI&DS,1,17.0,66.98,72.0,54.0,0.0,2027-09-07
1800,Vikram,EEE,4,20.0,77.6,88.0,61.0,0.0,2027-09-08
1801,Rahul,CSE,2,20.0,74.43,64.0,45.0,5.0,2027-09-09
1802,Ravi,MECH,4,21.0,79.53,91.0,46.0,1.0,2027-09-10
1803,Suresh,ECE,3,19.0,93.21,87.0,97.0,2.0,2027-09-11
1804,Lakshmi,EEE,3,24.0,65.14,52.0,53.0,4.0,2027-09-12
1805,Naveen,EEE,2,22.0,56.24,47.0,83.0,4.0,2027-09-13
1806,Harsha,MECH,2,24.0,56.72,94.0,43.0,2.0,2027-09-14
1807,Suresh,CSE,1,19.0,61.04,73.0,99.0,5.0,2027-09-15
1808,Arjun,AI&DS,3,22.0,80.67,91.0,49.0,1.0,2027-09-16
1809,Divya,AI&DS,2,19.0,91.37,95.0,60.0,3.0,2027-09-17
1810,Rohit,AI&DS,2,22.0,94.91,63.0,86.0,0.0,2027-09-18
1811,Rahul,ECE,1,22.0,83.58,38.0,48.0,3.0,2027-09-19
1812,Varun,MECH,4,19.0,73.14,94.0,71.0,0.0,2027-09-20
1813,Swathi,MECH,4,24.0,61.95,73.0,86.0,6.0,2027-09-21
1814,Anjali,ECE,2,23.0,73.06,42.0,36.0,4.0,2027-09-22
1815,Harsha,ECE,3,24.0,69.96,69.0,36.0,1.0,2027-09-23
1816,Teja,MECH,4,18.0,94.15,36.0,87.0,4.0,2027-09-24
1817,Rahul,MECH,3,22.0,76.9,54.0,52.0,2.0,2027-09-25
1818,Arjun,CSE,3,17.0,65.18,57.0,95.0,3.0,2027-09-26
1819,Swathi,ECE,2,17.0,68.0,64.0,96.0,1.0,2027-09-27
1820,Rohit,EEE,3,24.0,61.14,72.0,93.0,3.0,2027-09-28
1821,Rahul,AI&DS,3,18.0,96.34,,100.0,0.0,2027-09-29
1822,Swathi,AI&DS,3,23.0,57.27,58.0,89.0,1.0,2027-09-30
1823,Arjun,MECH,3,20.0,55.58,83.0,60.0,4.0,2027-10-01
1824,Swathi,MECH,3,19.0,63.23,97.0,100.0,3.0,2027-10-02
1825,Manoj,MECH,1,17.0,,84.0,57.0,2.0,2027-10-03
1826,Priya,EEE,4,22.0,78.56,51.0,73.0,0.0,2027-10-04
1827,Swathi,AI&DS,4,22.0,83.16,79.0,35.0,2.0,2027-10-05
1828,Varun,AI&DS,1,20.0,71.1,53.0,98.0,6.0,2027-10-06
1829,Varun,ECE,2,23.0,58.09,66.0,74.0,4.0,2027-10-07
1830,Rahul,ECE,4,19.0,93.53,76.0,97.0,0.0,2027-10-08
1831,Kiran,ECE,2,21.0,63.64,54.0,58.0,6.0,2027-10-09
1832,Kiran,ECE,4,19.0,56.49,35.0,55.0,2.0,2027-10-10
1833,Pooja,AI&DS,4,21.0,80.77,90.0,69.0,4.0,2027-10-11
1834,Arjun,EEE,4,18.0,58.75,83.0,91.0,0.0,2027-10-12
1835,Varun,AI&DS,1,20.0,59.31,43.0,71.0,2.0,2027-10-13
1836,Harsha,AI&DS,2,21.0,91.02,59.0,87.0,5.0,2027-10-14
1837,Teja,CSE,3,21.0,77.12,52.0,49.0,2.0,2027-10-15
1838,Sneha,CSE,4,20.0,65.87,99.0,86.0,1.0,2027-10-16
1839,Rahul,MECH,1,22.0,70.69,97.0,83.0,0.0,2027-10-17
1840,Lakshmi,AI&DS,2,21.0,87.82,,94.0,6.0,2027-10-18
1841,Anjali,CSE,1,19.0,,64.0,38.0,5.0,2027-10-19
1842,Swathi,EEE,4,18.0,60.24,38.0,60.0,0.0,2027-10-20
1843,Lakshmi,ECE,4,22.0,82.73,51.0,40.0,6.0,2027-10-21
1844,Rahul,CSE,1,24.0,82.31,41.0,61.0,5.0,2027-10-22
1845,Rahul,AI&DS,1,23.0,98.76,87.0,85.0,2.0,2027-10-23
1846,Rahul,CSE,2,22.0,71.85,40.0,77.0,4.0,2027-10-24
1847,Sneha,ECE,4,24.0,57.93,79.0,84.0,1.0,2027-10-25
1848,Priya,AI&DS,2,24.0,79.19,97.0,83.0,1.0,2027-10-26
1849,Teja,CSE,2,21.0,83.73,55.0,100.0,5.0,2027-10-27
1850,Manoj,CSE,2,17.0,61.28,80.0,93.0,1.0,2027-10-28
1851,Rohit,ECE,3,22.0,79.88,93.0,73.0,2.0,2027-10-29
1852,Teja,CSE,2,21.0,63.9,63.0,92.0,2.0,2027-10-30
1853,Rohit,EEE,1,19.0,93.01,64.0,38.0,1.0,2027-10-31
1854,Kiran,CSE,4,23.0,92.58,48.0,82.0,5.0,2027-11-01
1855,Anjali,ECE,2,,74.33,63.0,69.0,4.0,2027-11-02
1856,Teja,AI&DS,2,19.0,98.5,92.0,98.0,6.0,2027-11-03
1857,Kiran,AI&DS,3,20.0,99.09,78.0,68.0,3.0,2027-11-04
1858,Priya,CSE,3,18.0,60.82,48.0,46.0,1.0,2027-11-05
1859,Swathi,EEE,1,18.0,71.55,69.0,82.0,1.0,2027-11-06
1860,Teja,MECH,1,19.0,82.01,81.0,97.0,2.0,2027-11-07
1861,Rohit,CSE,1,19.0,58.82,40.0,36.0,6.0,2027-11-08
1862,Lakshmi,CSE,4,19.0,72.22,85.0,39.0,1.0,2027-11-09
1863,Arjun,MECH,3,18.0,66.75,48.0,78.0,4.0,2027-11-10
1864,Harsha,ECE,4,20.0,97.84,54.0,71.0,0.0,2027-11-11
1865,Teja,CSE,3,21.0,73.52,62.0,71.0,6.0,2027-11-12
1866,Swathi,CSE,2,19.0,89.32,68.0,40.0,4.0,2027-11-13
1867,Teja,ECE,3,21.0,72.4,95.0,72.0,3.0,2027-11-14
1868,Teja,EEE,3,19.0,60.93,,72.0,2.0,2027-11-15
1869,Vikram,ECE,2,22.0,93.84,51.0,91.0,2.0,2027-11-16
1870,Rahul,MECH,4,,55.02,60.0,60.0,1.0,2027-11-17
1871,Pooja,AI&DS,4,24.0,57.52,91.0,57.0,4.0,2027-11-18
1872,Kiran,AI&DS,4,17.0,71.4,98.0,40.0,6.0,2027-11-19
1873,Arjun,AI&DS,4,23.0,85.91,64.0,72.0,1.0,2027-11-20
1874,Arjun,AI&DS,2,19.0,70.38,80.0,77.0,5.0,2027-11-21
1875,Swathi,CSE,1,17.0,57.98,95.0,53.0,3.0,2027-11-22
1876,Suresh,CSE,2,22.0,69.3,90.0,83.0,5.0,2027-11-23
1877,Suresh,AI&DS,3,18.0,66.02,79.0,96.0,5.0,2027-11-24
1878,Naveen,EEE,4,18.0,55.24,70.0,46.0,0.0,2027-11-25
1879,Suresh,CSE,2,24.0,79.07,99.0,72.0,0.0,2027-11-26
1880,Manoj,AI&DS,2,18.0,60.25,50.0,80.0,6.0,2027-11-27
1881,Priya,ECE,2,21.0,67.94,58.0,36.0,1.0,2027-11-28
1882,Varun,ECE,4,18.0,83.85,82.0,46.0,4.0,2027-11-29
1883,Vikram,EEE,1,17.0,87.63,36.0,61.0,5.0,2027-11-30
1884,Sneha,EEE,2,17.0,66.86,68.0,44.0,3.0,2027-12-01
1885,Teja,EEE,1,17.0,69.81,91.0,58.0,0.0,2027-12-02
1886,Naveen,CSE,4,20.0,66.11,,44.0,0.0,2027-12-03
1887,Priya,AI&DS,2,20.0,98.06,88.0,94.0,4.0,2027-12-04
1888,Sneha,ECE,1,17.0,63.57,62.0,74.0,6.0,2027-12-05
1889,Rahul,CSE,2,19.0,63.24,91.0,56.0,2.0,2027-12-06
1890,Anjali,CSE,1,19.0,75.03,76.0,86.0,3.0,2027-12-07
1891,Priya,CSE,2,21.0,63.52,45.0,36.0,6.0,2027-12-08
1892,Naveen,AI&DS,4,24.0,62.05,83.0,74.0,5.0,2027-12-09
1893,Suresh,AI&DS,3,22.0,59.31,38.0,80.0,3.0,2027-12-10
1894,Rohit,CSE,4,24.0,83.81,51.0,,4.0,2027-12-11
1895,Naveen,EEE,3,18.0,82.54,93.0,49.0,6.0,2027-12-12
1896,Manoj,MECH,4,18.0,84.26,,74.0,5.0,2027-12-13
1897,Suresh,CSE,2,23.0,89.8,38.0,85.0,2.0,2027-12-14
1898,Priya,MECH,4,19.0,69.69,60.0,87.0,4.0,2027-12-15
1899,Priya,CSE,1,23.0,96.33,41.0,46.0,2.0,2027-12-16
1900,Manoj,MECH,2,20.0,87.99,52.0,99.0,6.0,2027-12-17
1901,Rahul,MECH,3,18.0,91.21,98.0,53.0,0.0,2027-12-18
1902,Rahul,CSE,2,23.0,87.44,47.0,60.0,1.0,2027-12-19
1903,Kiran,EEE,2,21.0,71.13,77.0,47.0,2.0,2027-12-20
1904,Varun,MECH,1,23.0,67.74,88.0,44.0,1.0,2027-12-21
1905,Pooja,MECH,1,20.0,74.01,93.0,51.0,4.0,2027-12-22
1906,Naveen,MECH,3,18.0,59.37,58.0,43.0,4.0,2027-12-23
1907,Vikram,ECE,4,22.0,75.31,80.0,83.0,6.0,2027-12-24
1908,Sneha,CSE,1,17.0,56.94,66.0,74.0,3.0,2027-12-25
1909,Divya,EEE,2,22.0,55.18,42.0,60.0,4.0,2027-12-26
1910,Priya,ECE,4,20.0,96.92,49.0,71.0,4.0,2027-12-27
1911,Harsha,ECE,4,23.0,86.02,84.0,74.0,0.0,2027-12-28
1912,Sneha,AI&DS,1,23.0,80.28,80.0,47.0,4.0,2027-12-29
1913,Divya,ECE,3,20.0,70.35,69.0,54.0,0.0,2027-12-30
1914,Rohit,CSE,1,24.0,80.67,86.0,93.0,3.0,2027-12-31
1915,Keerthi,EEE,1,17.0,95.12,80.0,35.0,6.0,2028-01-01
1916,Pooja,CSE,1,17.0,84.36,57.0,98.0,5.0,2028-01-02
1917,Suresh,EEE,3,24.0,82.11,54.0,98.0,3.0,2028-01-03
1918,Harsha,EEE,1,21.0,75.71,97.0,51.0,2.0,2028-01-04
1919,Anjali,AI&DS,2,20.0,70.56,99.0,56.0,5.0,2028-01-05
1920,Manoj,ECE,1,18.0,86.43,37.0,48.0,6.0,2028-01-06
1921,Varun,AI&DS,2,19.0,99.14,87.0,72.0,2.0,2028-01-07
1922,Keerthi,MECH,3,22.0,74.11,43.0,49.0,0.0,2028-01-08
1923,Vikram,EEE,2,23.0,72.65,91.0,87.0,4.0,2028-01-09
1924,Arjun,AI&DS,2,24.0,74.27,73.0,60.0,4.0,2028-01-10
1925,Kiran,CSE,3,20.0,74.15,80.0,98.0,,2028-01-11
1926,Lakshmi,CSE,3,20.0,99.58,81.0,91.0,6.0,2028-01-12
1927,Suresh,AI&DS,1,18.0,86.81,74.0,61.0,1.0,2028-01-13
1928,Ravi,MECH,4,17.0,71.16,51.0,74.0,1.0,2028-01-14
1929,Vikram,EEE,4,20.0,71.72,88.0,36.0,6.0,2028-01-15
1930,Keerthi,CSE,3,21.0,74.39,71.0,39.0,2.0,2028-01-16
1931,Suresh,MECH,3,17.0,56.65,70.0,68.0,3.0,2028-01-17
1932,Swathi,AI&DS,3,20.0,78.75,56.0,66.0,2.0,2028-01-18
1933,Anjali,MECH,2,22.0,91.51,35.0,61.0,2.0,2028-01-19
1934,Manoj,CSE,2,23.0,84.73,71.0,40.0,3.0,2028-01-20
1935,Vikram,ECE,2,24.0,63.93,57.0,90.0,2.0,2028-01-21
1936,Lakshmi,MECH,1,19.0,87.76,78.0,61.0,2.0,2028-01-22
1937,Sneha,AI&DS,4,20.0,87.38,59.0,66.0,2.0,2028-01-23
1938,Arjun,ECE,2,23.0,66.81,99.0,61.0,0.0,2028-01-24
1939,Pooja,MECH,2,22.0,83.03,79.0,67.0,5.0,2028-01-25
1940,Suresh,CSE,4,19.0,82.49,65.0,77.0,6.0,2028-01-26
1941,Swathi,CSE,3,22.0,92.79,81.0,85.0,3.0,2028-01-27
1942,Vikram,ECE,3,18.0,61.12,77.0,71.0,1.0,2028-01-28
1943,Lakshmi,AI&DS,1,20.0,63.77,75.0,45.0,4.0,2028-01-29
1944,Pooja,CSE,2,19.0,76.87,73.0,92.0,3.0,2028-01-30
1945,Arjun,AI&DS,3,24.0,56.99,96.0,53.0,3.0,2028-01-31
1946,Arjun,EEE,2,17.0,73.7,55.0,36.0,4.0,2028-02-01
1947,Rohit,AI&DS,1,23.0,90.47,63.0,37.0,5.0,2028-02-02
1948,Arjun,AI&DS,4,19.0,61.69,51.0,86.0,0.0,2028-02-03
1949,Lakshmi,EEE,2,17.0,75.7,72.0,60.0,0.0,2028-02-04
1950,Anjali,ECE,3,22.0,99.54,100.0,36.0,0.0,2028-02-05
1951,Priya,EEE,2,22.0,77.77,75.0,,1.0,2028-02-06
1952,Ravi,AI&DS,3,18.0,77.42,48.0,55.0,6.0,2028-02-07
1953,Manoj,MECH,4,17.0,80.15,95.0,99.0,5.0,2028-02-08
1954,Vikram,ECE,4,17.0,63.37,87.0,93.0,4.0,2028-02-09
1955,Harsha,CSE,1,20.0,61.62,64.0,38.0,4.0,2028-02-10
1956,Manoj,MECH,3,18.0,85.48,44.0,80.0,0.0,2028-02-11
1957,Vikram,AI&DS,4,22.0,72.81,61.0,74.0,1.0,2028-02-12
1958,Manoj,CSE,3,17.0,68.05,88.0,46.0,5.0,2028-02-13
1959,Rohit,CSE,1,23.0,56.41,73.0,57.0,3.0,2028-02-14
1960,Vikram,ECE,1,23.0,93.07,47.0,67.0,3.0,2028-02-15
1961,Sneha,CSE,1,22.0,56.45,45.0,44.0,5.0,2028-02-16
1962,Vikram,AI&DS,1,24.0,88.75,98.0,82.0,0.0,2028-02-17
1963,Teja,CSE,4,24.0,72.19,64.0,53.0,5.0,2028-02-18
1964,Kiran,AI&DS,4,17.0,81.94,80.0,96.0,4.0,2028-02-19
1965,Lakshmi,AI&DS,3,19.0,66.15,58.0,87.0,2.0,2028-02-20
1966,Keerthi,ECE,3,23.0,61.99,40.0,76.0,3.0,2028-02-21
1967,Manoj,AI&DS,4,19.0,79.0,,42.0,0.0,2028-02-22
1968,Ravi,CSE,2,22.0,86.3,80.0,36.0,1.0,2028-02-23
1969,Lakshmi,ECE,2,23.0,63.8,57.0,44.0,1.0,2028-02-24
1970,Rahul,AI&DS,3,24.0,74.64,74.0,67.0,6.0,2028-02-25
1971,Anjali,ECE,2,19.0,75.01,63.0,86.0,0.0,2028-02-26
1972,Vikram,CSE,1,19.0,64.72,57.0,45.0,2.0,2028-02-27
1973,Pooja,CSE,3,17.0,80.43,51.0,81.0,0.0,2028-02-28
1974,Pooja,CSE,4,19.0,61.57,52.0,38.0,1.0,2028-02-29
1975,Arjun,AI&DS,1,19.0,77.94,51.0,,0.0,2028-03-01
1976,Kiran,AI&DS,1,20.0,60.1,82.0,74.0,1.0,2028-03-02
1977,Priya,EEE,2,20.0,76.85,57.0,89.0,5.0,2028-03-03
1978,Keerthi,AI&DS,4,23.0,69.02,83.0,86.0,5.0,2028-03-04
1979,Divya,ECE,3,23.0,75.35,55.0,70.0,2.0,2028-03-05
1980,Keerthi,ECE,3,22.0,74.52,56.0,37.0,4.0,2028-03-06
1981,Keerthi,CSE,3,17.0,95.86,95.0,54.0,4.0,2028-03-07
1982,Naveen,ECE,2,20.0,77.05,92.0,86.0,6.0,2028-03-08
1983,Suresh,AI&DS,3,22.0,91.83,61.0,40.0,5.0,2028-03-09
1984,Manoj,AI&DS,1,18.0,65.15,52.0,81.0,1.0,2028-03-10
1985,Keerthi,CSE,1,20.0,70.84,82.0,81.0,4.0,2028-03-11
1986,Swathi,EEE,4,22.0,58.38,39.0,84.0,5.0,2028-03-12
1987,Manoj,MECH,3,23.0,73.93,65.0,49.0,2.0,2028-03-13
1988,Ravi,CSE,1,23.0,85.09,74.0,51.0,4.0,2028-03-14
1989,Kiran,ECE,2,20.0,92.72,79.0,48.0,2.0,2028-03-15
1990,Harsha,EEE,1,20.0,,42.0,,,2028-03-16
1991,Ravi,AI&DS,3,20.0,83.8,35.0,69.0,1.0,2028-03-17
1992,Suresh,EEE,4,22.0,62.98,53.0,42.0,0.0,2028-03-18
1993,Sneha,ECE,2,20.0,56.67,42.0,72.0,5.0,2028-03-19
1994,Vikram,MECH,2,20.0,90.63,68.0,50.0,5.0,2028-03-20
1995,Suresh,MECH,1,18.0,62.52,95.0,72.0,4.0,2028-03-21
1996,Manoj,CSE,2,20.0,59.1,53.0,54.0,1.0,2028-03-22
1997,Suresh,AI&DS,2,18.0,97.19,64.0,98.0,0.0,2028-03-23
1998,Divya,ECE,1,21.0,98.36,49.0,56.0,4.0,2028-03-24
1999,Rohit,CSE,2,24.0,82.73,37.0,92.0,1.0,2028-03-25
2000,Suresh,AI&DS,4,23.0,72.04,81.0,46.0,3.0,2028-03-26
2001,Teja,MECH,4,20.0,92.5,51.0,40.0,6.0,2028-03-27
2002,Naveen,CSE,2,24.0,64.21,71.0,47.0,0.0,2028-03-28
2003,Keerthi,AI&DS,4,24.0,74.32,80.0,62.0,4.0,2028-03-29
2004,Varun,EEE,1,20.0,71.07,90.0,94.0,6.0,2028-03-30
2005,Arjun,AI&DS,4,23.0,96.07,47.0,46.0,2.0,2028-03-31
2006,Lakshmi,AI&DS,2,19.0,96.39,73.0,86.0,5.0,2028-04-01
2007,Varun,MECH,3,24.0,84.29,95.0,80.0,5.0,2028-04-02
2008,Suresh,AI&DS,1,19.0,59.98,66.0,57.0,3.0,2028-04-03
2009,Naveen,CSE,4,19.0,76.7,37.0,57.0,2.0,2028-04-04
2010,Suresh,CSE,2,18.0,66.04,52.0,97.0,4.0,2028-04-05
2011,Anjali,MECH,4,23.0,94.82,87.0,82.0,4.0,2028-04-06
2012,Harsha,AI&DS,1,19.0,61.23,87.0,50.0,3.0,2028-04-07
2013,Kiran,ECE,3,23.0,57.44,55.0,95.0,1.0,2028-04-08
2014,Ravi,CSE,1,17.0,86.7,47.0,61.0,5.0,2028-04-09
2015,Suresh,AI&DS,4,21.0,75.4,54.0,40.0,1.0,2028-04-10
2016,Teja,MECH,2,20.0,92.73,50.0,88.0,0.0,2028-04-11
2017,Divya,ECE,3,20.0,58.36,83.0,92.0,0.0,2028-04-12
2018,Pooja,MECH,4,18.0,91.05,90.0,64.0,3.0,2028-04-13
2019,Rahul,AI&DS,3,17.0,56.68,38.0,81.0,,2028-04-14
2020,Arjun,ECE,1,19.0,56.26,83.0,50.0,2.0,2028-04-15
2021,Priya,MECH,1,20.0,75.76,84.0,91.0,1.0,2028-04-16
2022,Priya,AI&DS,1,23.0,64.96,75.0,59.0,3.0,2028-04-17
2023,Varun,AI&DS,4,20.0,81.72,92.0,52.0,5.0,2028-04-18
2024,Teja,MECH,4,,56.16,37.0,68.0,3.0,2028-04-19
2025,Teja,AI&DS,2,19.0,56.59,81.0,52.0,3.0,2028-04-20
2026,Priya,ECE,4,21.0,87.72,43.0,75.0,1.0,2028-04-21
2027,Priya,MECH,1,20.0,64.46,94.0,84.0,0.0,2028-04-22
2028,Anjali,CSE,3,24.0,84.54,67.0,61.0,6.0,2028-04-23
2029,Keerthi,AI&DS,2,20.0,88.75,40.0,86.0,4.0,2028-04-24
2030,Ravi,CSE,1,21.0,57.67,84.0,63.0,0.0,2028-04-25
2031,Pooja,AI&DS,2,17.0,89.64,84.0,99.0,3.0,2028-04-26
2032,Sneha,CSE,2,18.0,67.08,65.0,52.0,0.0,2028-04-27
2033,Naveen,ECE,2,23.0,72.53,55.0,81.0,0.0,2028-04-28
2034,Ravi,CSE,1,19.0,58.9,36.0,70.0,2.0,2028-04-29
2035,Priya,ECE,2,20.0,92.74,94.0,97.0,4.0,2028-04-30
2036,Naveen,AI&DS,1,21.0,80.23,47.0,49.0,4.0,2028-05-01
2037,Lakshmi,AI&DS,4,17.0,77.71,90.0,47.0,5.0,2028-05-02
2038,Rahul,AI&DS,2,21.0,98.58,73.0,92.0,1.0,2028-05-03
2039,Vikram,EEE,1,19.0,70.05,80.0,94.0,1.0,2028-05-04
2040,Teja,AI&DS,3,18.0,95.09,80.0,84.0,3.0,2028-05-05
2041,Naveen,AI&DS,4,20.0,87.39,91.0,66.0,6.0,2028-05-06
2042,Varun,MECH,2,20.0,96.78,37.0,62.0,5.0,2028-05-07
2043,Vikram,ECE,4,18.0,95.85,100.0,78.0,4.0,2028-05-08
2044,Divya,CSE,3,21.0,99.6,37.0,84.0,0.0,2028-05-09
2045,Naveen,MECH,3,22.0,60.93,100.0,53.0,6.0,2028-05-10
2046,Sneha,AI&DS,2,19.0,90.82,52.0,35.0,6.0,2028-05-11
2047,Kiran,CSE,1,24.0,91.2,90.0,39.0,4.0,2028-05-12
2048,Manoj,AI&DS,2,21.0,84.0,40.0,57.0,2.0,2028-05-13
2049,Swathi,CSE,4,23.0,67.55,65.0,79.0,4.0,2028-05-14
2050,Arjun,CSE,4,17.0,98.43,70.0,64.0,4.0,2028-05-15
2051,Suresh,EEE,4,23.0,64.2,97.0,75.0,6.0,2028-05-16
2052,Divya,CSE,4,19.0,77.48,43.0,66.0,0.0,2028-05-17
2053,Suresh,EEE,2,22.0,,37.0,51.0,3.0,2028-05-18
2054,Rohit,MECH,2,23.0,62.28,77.0,84.0,4.0,2028-05-19
2055,Priya,ECE,4,19.0,87.51,38.0,82.0,2.0,2028-05-20
2056,Rohit,EEE,3,19.0,59.0,86.0,98.0,5.0,2028-05-21
2057,Vikram,EEE,2,17.0,86.19,37.0,89.0,0.0,2028-05-22
2058,Harsha,MECH,2,21.0,93.19,99.0,60.0,0.0,2028-05-23
2059,Vikram,AI&DS,4,23.0,70.72,70.0,81.0,5.0,2028-05-24
2060,Ravi,CSE,1,20.0,86.92,97.0,58.0,0.0,2028-05-25
2061,Harsha,ECE,1,18.0,62.05,43.0,92.0,2.0,2028-05-26
2062,Swathi,ECE,3,19.0,93.07,53.0,75.0,1.0,2028-05-27
2063,Arjun,CSE,1,20.0,97.84,65.0,90.0,4.0,2028-05-28
2064,Naveen,ECE,1,24.0,61.87,36.0,53.0,0.0,2028-05-29
2065,Harsha,CSE,4,17.0,86.13,41.0,35.0,,2028-05-30
2066,Divya,MECH,2,19.0,77.76,56.0,44.0,6.0,2028-05-31
2067,Lakshmi,AI&DS,3,22.0,78.92,83.0,70.0,2.0,2028-06-01
2068,Manoj,CSE,2,18.0,86.79,81.0,98.0,4.0,2028-06-02
2069,Ravi,CSE,1,24.0,76.99,40.0,76.0,6.0,2028-06-03
2070,Rahul,CSE,1,24.0,82.01,38.0,88.0,4.0,2028-06-04
2071,Swathi,AI&DS,4,20.0,65.39,78.0,65.0,5.0,2028-06-05
2072,Kiran,CSE,1,22.0,72.03,58.0,98.0,6.0,2028-06-06
2073,Harsha,AI&DS,3,23.0,93.94,,97.0,4.0,2028-06-07
2074,Suresh,CSE,2,,59.95,54.0,49.0,5.0,2028-06-08
2075,Pooja,AI&DS,2,18.0,81.89,58.0,91.0,3.0,2028-06-09
2076,Sneha,AI&DS,4,17.0,63.29,,36.0,5.0,2028-06-10
2077,Naveen,AI&DS,3,19.0,93.09,52.0,74.0,4.0,2028-06-11
2078,Sneha,AI&DS,3,18.0,81.06,81.0,63.0,2.0,2028-06-12
2079,Vikram,CSE,2,19.0,73.14,66.0,54.0,3.0,2028-06-13
2080,Teja,CSE,2,22.0,66.24,78.0,96.0,2.0,2028-06-14
2081,Lakshmi,CSE,3,21.0,,40.0,78.0,2.0,2028-06-15
2082,Rohit,EEE,1,18.0,98.09,70.0,44.0,2.0,2028-06-16
2083,Rohit,MECH,1,17.0,77.91,65.0,44.0,3.0,2028-06-17
2084,Keerthi,MECH,3,18.0,76.13,95.0,42.0,2.0,2028-06-18
2085,Kiran,ECE,3,20.0,88.58,62.0,55.0,4.0,2028-06-19
2086,Teja,ECE,1,23.0,72.06,41.0,39.0,2.0,2028-06-20
2087,Teja,AI&DS,4,19.0,74.23,81.0,52.0,3.0,2028-06-21
2088,Rohit,EEE,3,19.0,,44.0,85.0,0.0,2028-06-22
2089,Swathi,EEE,1,21.0,61.79,94.0,92.0,2.0,2028-06-23
2090,Arjun,EEE,4,17.0,87.12,60.0,86.0,2.0,2028-06-24
2091,Suresh,MECH,4,18.0,94.29,86.0,67.0,6.0,2028-06-25
2092,Vikram,AI&DS,2,17.0,95.75,78.0,80.0,3.0,2028-06-26
2093,Teja,EEE,2,21.0,94.64,65.0,97.0,0.0,2028-06-27
2094,Divya,EEE,2,20.0,75.33,73.0,38.0,2.0,2028-06-28
2095,Ravi,AI&DS,3,21.0,67.78,47.0,94.0,5.0,2028-06-29
2096,Priya,MECH,1,21.0,83.71,39.0,82.0,1.0,2028-06-30
2097,Teja,CSE,2,20.0,97.96,85.0,60.0,1.0,2028-07-01
2098,Harsha,MECH,1,23.0,87.72,98.0,64.0,2.0,2028-07-02
2099,Rahul,EEE,1,24.0,77.27,91.0,63.0,2.0,2028-07-03
2100,Vikram,CSE,2,17.0,86.0,55.0,45.0,3.0,2028-07-04
2101,Pooja,ECE,3,24.0,89.76,58.0,50.0,0.0,2028-07-05
2102,Pooja,CSE,4,18.0,96.37,58.0,54.0,5.0,2028-07-06
2103,Lakshmi,EEE,1,18.0,89.34,81.0,35.0,1.0,2028-07-07
2104,Sneha,EEE,1,21.0,74.49,76.0,68.0,4.0,2028-07-08
2105,Ravi,ECE,2,17.0,67.31,87.0,66.0,3.0,2028-07-09
2106,Sneha,MECH,3,19.0,77.49,97.0,56.0,1.0,2028-07-10
2107,Kiran,CSE,4,18.0,69.77,60.0,46.0,3.0,2028-07-11
2108,Lakshmi,AI&DS,3,20.0,97.42,78.0,99.0,0.0,2028-07-12
2109,Lakshmi,AI&DS,3,23.0,77.86,68.0,79.0,4.0,2028-07-13
2110,Rahul,CSE,1,24.0,76.24,98.0,66.0,2.0,2028-07-14
2111,Manoj,AI&DS,1,18.0,70.67,58.0,82.0,2.0,2028-07-15
2112,Kiran,AI&DS,1,21.0,83.77,47.0,59.0,1.0,2028-07-16
2113,Sneha,AI&DS,3,20.0,78.4,60.0,49.0,2.0,2028-07-17
2114,Anjali,AI&DS,2,20.0,60.81,75.0,79.0,2.0,2028-07-18
2115,Sneha,MECH,1,22.0,94.11,97.0,85.0,1.0,2028-07-19
2116,Pooja,AI&DS,3,24.0,71.16,89.0,77.0,6.0,2028-07-20
2117,Rohit,MECH,4,,74.47,36.0,72.0,1.0,2028-07-21
2118,Keerthi,AI&DS,2,17.0,64.26,68.0,35.0,1.0,2028-07-22
2119,Naveen,AI&DS,4,24.0,79.9,45.0,77.0,3.0,2028-07-23
2120,Pooja,ECE,3,24.0,86.59,58.0,75.0,2.0,2028-07-24
2121,Rahul,AI&DS,3,19.0,94.65,97.0,62.0,3.0,2028-07-25
2122,Priya,AI&DS,4,21.0,57.32,99.0,51.0,5.0,2028-07-26
2123,Anjali,ECE,1,23.0,98.8,45.0,99.0,0.0,2028-07-27
2124,Kiran,CSE,4,21.0,86.67,44.0,59.0,3.0,2028-07-28
2125,Teja,AI&DS,4,20.0,67.79,80.0,52.0,0.0,2028-07-29
2126,Teja,ECE,4,24.0,64.2,62.0,81.0,0.0,2028-07-30
2127,Varun,AI&DS,3,23.0,68.32,63.0,66.0,0.0,2028-07-31
2128,Manoj,EEE,4,21.0,94.41,92.0,71.0,1.0,2028-08-01
2129,Keerthi,AI&DS,4,18.0,68.11,95.0,77.0,2.0,2028-08-02
2130,Manoj,MECH,4,20.0,75.83,94.0,59.0,6.0,2028-08-03
2131,Vikram,EEE,4,22.0,86.76,86.0,45.0,6.0,2028-08-04
2132,Swathi,MECH,4,19.0,94.24,99.0,46.0,0.0,2028-08-05
2133,Harsha,EEE,2,21.0,84.64,82.0,97.0,6.0,2028-08-06
2134,Harsha,CSE,3,22.0,88.89,93.0,68.0,4.0,2028-08-07
2135,Manoj,ECE,2,17.0,62.8,70.0,62.0,3.0,2028-08-08
2136,Priya,CSE,4,21.0,94.48,38.0,56.0,5.0,2028-08-09
2137,Naveen,EEE,4,22.0,67.41,88.0,82.0,3.0,2028-08-10
2138,Divya,ECE,4,18.0,60.78,96.0,95.0,1.0,2028-08-11
2139,Naveen,AI&DS,3,21.0,98.93,55.0,85.0,3.0,2028-08-12
2140,Suresh,MECH,2,22.0,64.07,63.0,70.0,5.0,2028-08-13
2141,Varun,CSE,1,17.0,61.15,72.0,66.0,4.0,2028-08-14
2142,Ravi,ECE,3,22.0,83.17,78.0,92.0,1.0,2028-08-15
2143,Lakshmi,EEE,3,19.0,69.35,79.0,91.0,6.0,2028-08-16
2144,Teja,CSE,3,20.0,61.0,61.0,60.0,1.0,2028-08-17
2145,Ravi,ECE,3,22.0,82.05,91.0,98.0,5.0,2028-08-18
2146,Pooja,EEE,4,17.0,89.15,88.0,89.0,2.0,2028-08-19
2147,Suresh,CSE,1,17.0,90.69,97.0,90.0,0.0,2028-08-20
2148,Harsha,ECE,2,20.0,62.0,73.0,38.0,6.0,2028-08-21
2149,Swathi,AI&DS,3,24.0,80.06,40.0,43.0,4.0,2028-08-22
2150,Varun,ECE,4,,91.62,90.0,54.0,1.0,2028-08-23
2151,Divya,CSE,4,23.0,62.25,40.0,85.0,0.0,2028-08-24
2152,Suresh,MECH,4,17.0,64.35,47.0,40.0,0.0,2028-08-25
2153,Vikram,MECH,4,20.0,55.11,53.0,40.0,1.0,2028-08-26
2154,Lakshmi,CSE,4,20.0,78.61,47.0,37.0,6.0,2028-08-27
2155,Ravi,AI&DS,3,20.0,63.76,82.0,47.0,1.0,2028-08-28
2156,Keerthi,ECE,1,17.0,87.59,64.0,95.0,1.0,2028-08-29
2157,Arjun,EEE,3,23.0,98.3,49.0,82.0,5.0,2028-08-30
2158,Varun,AI&DS,3,19.0,64.39,35.0,82.0,6.0,2028-08-31
2159,Divya,CSE,1,23.0,84.21,49.0,54.0,1.0,2028-09-01
2160,Ravi,CSE,4,22.0,64.53,80.0,76.0,4.0,2028-09-02
2161,Keerthi,MECH,3,21.0,55.81,87.0,86.0,3.0,2028-09-03
2162,Pooja,AI&DS,4,19.0,89.13,54.0,70.0,4.0,2028-09-04
2163,Teja,MECH,1,22.0,74.53,39.0,91.0,2.0,2028-09-05
2164,Suresh,AI&DS,4,24.0,97.61,71.0,72.0,5.0,2028-09-06
2165,Suresh,MECH,2,24.0,79.04,,56.0,6.0,2028-09-07
2166,Arjun,CSE,3,24.0,62.09,39.0,77.0,5.0,2028-09-08
2167,Rahul,CSE,3,18.0,75.24,87.0,97.0,6.0,2028-09-09
2168,Divya,MECH,3,21.0,64.13,46.0,89.0,0.0,2028-09-10
2169,Rohit,MECH,4,20.0,94.51,52.0,67.0,4.0,2028-09-11
2170,Lakshmi,AI&DS,1,24.0,86.09,76.0,74.0,6.0,2028-09-12
2171,Manoj,AI&DS,3,24.0,70.36,38.0,99.0,3.0,2028-09-13
2172,Manoj,AI&DS,4,23.0,78.75,55.0,84.0,6.0,2028-09-14
2173,Divya,AI&DS,1,18.0,85.13,44.0,68.0,2.0,2028-09-15
2174,Sneha,CSE,2,19.0,90.23,49.0,53.0,6.0,2028-09-16
2175,Rahul,MECH,2,22.0,58.61,86.0,94.0,6.0,2028-09-17
2176,Ravi,AI&DS,3,22.0,56.01,50.0,99.0,4.0,2028-09-18
2177,Ravi,EEE,4,19.0,60.15,37.0,39.0,4.0,2028-09-19
2178,Sneha,CSE,4,18.0,72.77,49.0,37.0,3.0,2028-09-20
2179,Anjali,CSE,4,18.0,76.0,40.0,42.0,2.0,2028-09-21
2180,Rahul,ECE,2,22.0,61.14,76.0,60.0,3.0,2028-09-22
2181,Manoj,AI&DS,3,20.0,73.5,99.0,45.0,6.0,2028-09-23
2182,Lakshmi,ECE,1,20.0,74.87,46.0,93.0,0.0,2028-09-24
2183,Swathi,CSE,2,23.0,59.91,83.0,95.0,1.0,2028-09-25
2184,Vikram,MECH,1,17.0,96.25,58.0,46.0,3.0,2028-09-26
2185,Vikram,EEE,1,23.0,81.96,39.0,89.0,2.0,2028-09-27
2186,Ravi,MECH,4,19.0,72.48,80.0,44.0,4.0,2028-09-28
2187,Arjun,CSE,4,24.0,77.81,48.0,86.0,2.0,2028-09-29
2188,Keerthi,AI&DS,3,24.0,69.14,68.0,59.0,4.0,2028-09-30
2189,Keerthi,AI&DS,1,21.0,93.44,,37.0,0.0,2028-10-01
2190,Rahul,ECE,1,19.0,80.88,74.0,63.0,2.0,2028-10-02
2191,Vikram,AI&DS,1,18.0,77.27,43.0,89.0,4.0,2028-10-03
2192,Anjali,CSE,3,18.0,95.99,51.0,,3.0,2028-10-04
2193,Sneha,AI&DS,1,24.0,92.71,83.0,42.0,4.0,2028-10-05
2194,Naveen,AI&DS,2,18.0,91.58,96.0,90.0,4.0,2028-10-06
2195,Suresh,AI&DS,4,20.0,65.15,35.0,54.0,2.0,2028-10-07
2196,Manoj,CSE,4,20.0,61.89,62.0,65.0,2.0,2028-10-08
2197,Naveen,AI&DS,4,22.0,86.05,93.0,42.0,6.0,2028-10-09
2198,Rohit,ECE,2,23.0,76.09,53.0,99.0,6.0,2028-10-10
2199,Teja,AI&DS,3,21.0,85.77,64.0,87.0,0.0,2028-10-11
2200,Manoj,AI&DS,1,23.0,89.23,94.0,77.0,4.0,2028-10-12
2201,Varun,ECE,4,21.0,68.29,98.0,82.0,3.0,2028-10-13
2202,Pooja,EEE,1,20.0,67.81,78.0,92.0,0.0,2028-10-14
2203,Rohit,AI&DS,3,18.0,77.09,80.0,44.0,4.0,2028-10-15
2204,Harsha,ECE,3,18.0,67.31,75.0,51.0,0.0,2028-10-16
2205,Swathi,MECH,4,20.0,85.03,53.0,37.0,2.0,2028-10-17
2206,Lakshmi,ECE,2,17.0,88.6,93.0,67.0,4.0,2028-10-18
2207,Suresh,MECH,1,19.0,76.24,37.0,67.0,5.0,2028-10-19
2208,Naveen,EEE,4,20.0,87.57,38.0,36.0,2.0,2028-10-20
2209,Anjali,CSE,3,20.0,77.97,74.0,78.0,5.0,2028-10-21
2210,Rohit,AI&DS,2,23.0,87.08,90.0,35.0,5.0,2028-10-22
2211,Manoj,ECE,2,24.0,65.12,88.0,87.0,3.0,2028-10-23
2212,Harsha,MECH,2,22.0,88.25,79.0,81.0,1.0,2028-10-24
2213,Pooja,AI&DS,2,17.0,87.18,59.0,88.0,4.0,2028-10-25
2214,Varun,CSE,2,20.0,67.0,58.0,42.0,0.0,2028-10-26
2215,Priya,ECE,2,22.0,80.02,63.0,92.0,6.0,2028-10-27
2216,Arjun,CSE,2,21.0,93.49,51.0,71.0,2.0,2028-10-28
2217,Suresh,EEE,1,,66.23,62.0,91.0,5.0,2028-10-29
2218,Naveen,ECE,4,20.0,88.12,41.0,80.0,,2028-10-30
2219,Teja,EEE,1,20.0,97.93,56.0,78.0,3.0,2028-10-31
2220,Vikram,MECH,1,21.0,93.98,97.0,37.0,6.0,2028-11-01
2221,Manoj,ECE,1,18.0,73.07,81.0,80.0,5.0,2028-11-02
2222,Keerthi,ECE,4,21.0,82.32,44.0,64.0,6.0,2028-11-03
2223,Rohit,EEE,2,18.0,99.63,53.0,91.0,0.0,2028-11-04
2224,Swathi,EEE,2,22.0,80.58,52.0,80.0,3.0,2028-11-05
2225,Vikram,MECH,2,23.0,60.18,53.0,39.0,6.0,2028-11-06
2226,Rohit,CSE,1,21.0,57.04,80.0,93.0,5.0,2028-11-07
2227,Arjun,ECE,2,20.0,90.56,94.0,39.0,3.0,2028-11-08
2228,Rohit,CSE,1,24.0,74.06,81.0,54.0,0.0,2028-11-09
2229,Sneha,MECH,4,22.0,66.11,67.0,49.0,1.0,2028-11-10
2230,Anjali,ECE,1,20.0,70.65,45.0,99.0,4.0,2028-11-11
2231,Teja,AI&DS,2,17.0,89.08,44.0,45.0,4.0,2028-11-12
2232,Naveen,CSE,4,17.0,75.94,88.0,90.0,6.0,2028-11-13
2233,Rohit,AI&DS,4,18.0,94.08,79.0,49.0,0.0,2028-11-14
2234,Naveen,EEE,3,18.0,,68.0,77.0,2.0,2028-11-15
2235,Manoj,CSE,1,22.0,98.83,73.0,40.0,1.0,2028-11-16
2236,Ravi,CSE,2,21.0,94.98,90.0,60.0,6.0,2028-11-17
2237,Rahul,MECH,1,24.0,66.45,88.0,76.0,1.0,2028-11-18
2238,Arjun,EEE,3,21.0,84.66,40.0,81.0,1.0,2028-11-19
2239,Anjali,CSE,2,24.0,55.92,61.0,92.0,2.0,2028-11-20
2240,Rahul,AI&DS,3,21.0,99.6,37.0,88.0,0.0,2028-11-21
2241,Suresh,MECH,3,19.0,66.75,60.0,69.0,4.0,2028-11-22
2242,Harsha,EEE,4,22.0,84.92,77.0,55.0,3.0,2028-11-23
2243,Rohit,ECE,2,20.0,93.21,48.0,52.0,3.0,2028-11-24
2244,Pooja,AI&DS,4,19.0,62.22,44.0,100.0,6.0,2028-11-25
2245,Varun,AI&DS,2,20.0,93.15,67.0,75.0,3.0,2028-11-26
2246,Rohit,CSE,3,22.0,55.55,69.0,94.0,2.0,2028-11-27
2247,Varun,EEE,3,20.0,74.89,82.0,63.0,2.0,2028-11-28
2248,Pooja,CSE,4,22.0,76.24,35.0,67.0,5.0,2028-11-29
2249,Ravi,CSE,2,24.0,71.83,51.0,89.0,,2028-11-30
2250,Rohit,EEE,4,20.0,81.39,86.0,82.0,1.0,2028-12-01
2251,Kiran,MECH,2,19.0,96.17,80.0,48.0,4.0,2028-12-02
2252,Vikram,EEE,2,20.0,69.71,94.0,69.0,5.0,2028-12-03
2253,Priya,AI&DS,2,23.0,81.07,88.0,49.0,1.0,2028-12-04
2254,Harsha,AI&DS,3,18.0,94.49,90.0,85.0,3.0,2028-12-05
2255,Manoj,AI&DS,3,24.0,89.78,68.0,36.0,3.0,2028-12-06
2256,Priya,AI&DS,1,20.0,56.83,98.0,89.0,1.0,2028-12-07
2257,Kiran,ECE,4,23.0,97.43,62.0,96.0,0.0,2028-12-08
2258,Keerthi,AI&DS,4,23.0,57.1,94.0,36.0,5.0,2028-12-09
2259,Suresh,ECE,1,23.0,81.49,60.0,76.0,4.0,2028-12-10
2260,Teja,MECH,4,24.0,80.89,64.0,40.0,4.0,2028-12-11
2261,Anjali,MECH,3,18.0,90.39,80.0,58.0,2.0,2028-12-12
2262,Lakshmi,CSE,1,21.0,61.68,61.0,,3.0,2028-12-13
2263,Vikram,AI&DS,2,17.0,63.07,44.0,69.0,6.0,2028-12-14
2264,Teja,CSE,4,19.0,88.84,94.0,95.0,1.0,2028-12-15
2265,Kiran,AI&DS,2,17.0,61.73,64.0,65.0,4.0,2028-12-16
2266,Rahul,AI&DS,4,22.0,76.13,96.0,61.0,0.0,2028-12-17
2267,Priya,CSE,2,21.0,87.92,61.0,41.0,0.0,2028-12-18
2268,Divya,EEE,1,22.0,84.31,99.0,93.0,6.0,2028-12-19
2269,Rohit,AI&DS,2,18.0,64.48,74.0,55.0,0.0,2028-12-20
2270,Rahul,MECH,3,19.0,68.68,85.0,65.0,4.0,2028-12-21
2271,Divya,CSE,3,22.0,98.6,84.0,41.0,3.0,2028-12-22
2272,Arjun,CSE,4,23.0,75.19,48.0,54.0,5.0,2028-12-23
2273,Lakshmi,AI&DS,1,24.0,57.0,88.0,71.0,3.0,2028-12-24
2274,Swathi,CSE,4,17.0,64.88,97.0,94.0,4.0,2028-12-25
2275,Harsha,AI&DS,3,20.0,70.41,78.0,56.0,6.0,2028-12-26
2276,Naveen,MECH,1,17.0,99.98,97.0,72.0,5.0,2028-12-27
2277,Swathi,CSE,4,23.0,68.62,90.0,92.0,5.0,2028-12-28
2278,Harsha,CSE,2,17.0,56.19,78.0,58.0,1.0,2028-12-29
2279,Rahul,ECE,3,23.0,78.08,66.0,54.0,1.0,2028-12-30
2280,Varun,AI&DS,3,18.0,58.76,91.0,37.0,3.0,2028-12-31
2281,Naveen,ECE,1,17.0,67.33,47.0,94.0,4.0,2029-01-01
2282,Naveen,AI&DS,1,,99.66,72.0,42.0,4.0,2029-01-02
2283,Divya,EEE,3,20.0,86.71,88.0,49.0,5.0,2029-01-03
2284,Teja,CSE,2,20.0,57.28,97.0,44.0,0.0,2029-01-04
2285,Divya,AI&DS,1,22.0,75.19,52.0,,1.0,2029-01-05
2286,Rahul,ECE,1,19.0,62.72,41.0,59.0,1.0,2029-01-06
2287,Lakshmi,MECH,4,22.0,60.53,57.0,81.0,3.0,2029-01-07
2288,Kiran,AI&DS,1,20.0,81.42,92.0,75.0,4.0,2029-01-08
2289,Arjun,ECE,1,19.0,77.75,69.0,35.0,0.0,2029-01-09
2290,Manoj,CSE,3,20.0,88.43,38.0,55.0,6.0,2029-01-10
2291,Kiran,CSE,1,17.0,95.15,42.0,35.0,2.0,2029-01-11
2292,Varun,CSE,3,19.0,66.1,57.0,39.0,4.0,2029-01-12
2293,Vikram,EEE,3,21.0,96.53,57.0,66.0,5.0,2029-01-13
2294,Rahul,AI&DS,3,18.0,78.31,43.0,52.0,0.0,2029-01-14
2295,Rohit,EEE,2,17.0,66.65,67.0,40.0,6.0,2029-01-15
2296,Suresh,CSE,4,22.0,93.06,66.0,61.0,6.0,2029-01-16
2297,Anjali,MECH,3,20.0,56.6,48.0,64.0,6.0,2029-01-17
2298,Swathi,EEE,2,18.0,80.18,50.0,100.0,0.0,2029-01-18
2299,Suresh,CSE,1,22.0,87.47,78.0,78.0,2.0,2029-01-19
2300,Rahul,CSE,2,23.0,67.6,97.0,60.0,1.0,2029-01-20
2301,Harsha,CSE,1,17.0,93.86,100.0,66.0,3.0,2029-01-21
2302,Vikram,MECH,1,18.0,65.81,71.0,40.0,6.0,2029-01-22
2303,Swathi,CSE,2,19.0,92.79,37.0,60.0,5.0,2029-01-23
2304,Varun,ECE,1,22.0,58.53,94.0,73.0,5.0,2029-01-24
2305,Manoj,AI&DS,1,17.0,62.2,97.0,36.0,2.0,2029-01-25
2306,Swathi,EEE,2,23.0,72.14,53.0,95.0,6.0,2029-01-26
2307,Anjali,AI&DS,3,19.0,93.43,,68.0,6.0,2029-01-27
2308,Kiran,ECE,1,18.0,61.51,36.0,86.0,5.0,2029-01-28
2309,Vikram,MECH,2,23.0,94.39,87.0,53.0,5.0,2029-01-29
2310,Varun,CSE,1,17.0,65.34,86.0,90.0,4.0,2029-01-30
2311,Suresh,EEE,1,18.0,75.36,36.0,59.0,0.0,2029-01-31
2312,Ravi,CSE,1,24.0,70.87,81.0,96.0,1.0,2029-02-01
2313,Harsha,AI&DS,2,21.0,60.32,62.0,69.0,5.0,2029-02-02
2314,Varun,MECH,3,20.0,97.49,71.0,77.0,2.0,2029-02-03
2315,Lakshmi,ECE,4,22.0,74.72,49.0,48.0,1.0,2029-02-04
2316,Anjali,ECE,3,22.0,86.06,88.0,100.0,6.0,2029-02-05
2317,Naveen,AI&DS,3,21.0,80.89,61.0,47.0,3.0,2029-02-06
2318,Keerthi,AI&DS,4,17.0,77.58,90.0,37.0,6.0,2029-02-07
2319,Vikram,AI&DS,2,21.0,82.75,44.0,64.0,1.0,2029-02-08
2320,Divya,ECE,4,19.0,95.43,73.0,90.0,2.0,2029-02-09
2321,Arjun,AI&DS,4,23.0,86.47,55.0,95.0,2.0,2029-02-10
2322,Anjali,AI&DS,3,21.0,78.96,98.0,91.0,2.0,2029-02-11
2323,Suresh,AI&DS,4,17.0,84.03,71.0,71.0,3.0,2029-02-12
2324,Varun,AI&DS,1,24.0,82.29,82.0,95.0,2.0,2029-02-13
2325,Varun,AI&DS,4,19.0,74.49,40.0,67.0,5.0,2029-02-14
2326,Sneha,CSE,3,19.0,83.11,79.0,66.0,2.0,2029-02-15
2327,Swathi,MECH,1,24.0,74.96,41.0,46.0,3.0,2029-02-16
2328,Priya,ECE,1,23.0,89.09,58.0,86.0,6.0,2029-02-17
2329,Swathi,CSE,3,23.0,98.6,49.0,55.0,3.0,2029-02-18
2330,Ravi,ECE,2,22.0,98.19,35.0,47.0,0.0,2029-02-19
2331,Vikram,EEE,2,24.0,91.93,73.0,59.0,0.0,2029-02-20
2332,Naveen,CSE,2,17.0,82.08,50.0,74.0,3.0,2029-02-21
2333,Vikram,CSE,4,21.0,88.72,68.0,52.0,4.0,2029-02-22
2334,Teja,CSE,2,19.0,63.01,85.0,58.0,6.0,2029-02-23
2335,Suresh,CSE,1,20.0,76.56,46.0,56.0,0.0,2029-02-24
2336,Rohit,EEE,2,18.0,66.58,81.0,74.0,3.0,2029-02-25
2337,Manoj,MECH,1,18.0,55.16,54.0,82.0,2.0,2029-02-26
2338,Anjali,CSE,3,20.0,98.5,56.0,79.0,3.0,2029-02-27
2339,Harsha,EEE,4,24.0,93.87,73.0,44.0,3.0,2029-02-28
2340,Vikram,CSE,4,22.0,78.12,76.0,57.0,2.0,2029-03-01
2341,Suresh,ECE,3,19.0,66.44,78.0,77.0,0.0,2029-03-02
2342,Arjun,EEE,4,20.0,86.18,47.0,49.0,0.0,2029-03-03
2343,Arjun,AI&DS,2,21.0,74.57,73.0,39.0,3.0,2029-03-04
2344,Keerthi,CSE,3,18.0,91.15,52.0,56.0,1.0,2029-03-05
2345,Sneha,ECE,1,21.0,99.98,53.0,79.0,2.0,2029-03-06
2346,Rohit,MECH,3,22.0,70.71,97.0,78.0,0.0,2029-03-07
2347,Varun,AI&DS,3,18.0,66.0,41.0,43.0,0.0,2029-03-08
2348,Naveen,CSE,1,21.0,67.03,62.0,79.0,0.0,2029-03-09
2349,Naveen,CSE,3,22.0,59.2,63.0,47.0,2.0,2029-03-10
2350,Keerthi,ECE,3,21.0,72.73,51.0,83.0,1.0,2029-03-11
2351,Priya,ECE,2,19.0,55.78,86.0,72.0,1.0,2029-03-12
2352,Divya,EEE,3,21.0,60.15,67.0,43.0,2.0,2029-03-13
2353,Pooja,EEE,2,23.0,67.23,82.0,58.0,2.0,2029-03-14
2354,Lakshmi,MECH,2,18.0,62.19,60.0,89.0,0.0,2029-03-15
2355,Kiran,EEE,1,21.0,87.95,94.0,63.0,0.0,2029-03-16
2356,Pooja,CSE,2,22.0,59.75,83.0,80.0,6.0,2029-03-17
2357,Ravi,ECE,4,19.0,93.97,56.0,84.0,4.0,2029-03-18
2358,Arjun,AI&DS,4,20.0,64.95,98.0,37.0,0.0,2029-03-19
2359,Arjun,AI&DS,3,24.0,59.89,92.0,96.0,1.0,2029-03-20
2360,Divya,MECH,3,19.0,55.45,74.0,57.0,2.0,2029-03-21
2361,Priya,ECE,3,21.0,87.18,36.0,87.0,6.0,2029-03-22
2362,Priya,MECH,2,18.0,66.55,74.0,65.0,6.0,2029-03-23
2363,Divya,AI&DS,2,24.0,77.93,80.0,73.0,5.0,2029-03-24
2364,Kiran,ECE,3,21.0,60.02,59.0,58.0,0.0,2029-03-25
2365,Keerthi,AI&DS,4,23.0,99.34,44.0,91.0,3.0,2029-03-26
2366,Rahul,CSE,2,21.0,60.64,72.0,42.0,3.0,2029-03-27
2367,Ravi,CSE,3,19.0,73.54,87.0,94.0,4.0,2029-03-28
2368,Pooja,ECE,2,19.0,93.32,56.0,48.0,5.0,2029-03-29
2369,Rohit,CSE,2,22.0,66.02,65.0,93.0,2.0,2029-03-30
2370,Manoj,MECH,2,23.0,67.01,35.0,36.0,3.0,2029-03-31
2371,Varun,CSE,1,18.0,91.38,81.0,35.0,1.0,2029-04-01
2372,Ravi,CSE,2,23.0,67.3,92.0,41.0,1.0,2029-04-02
2373,Vikram,EEE,3,23.0,55.13,86.0,71.0,2.0,2029-04-03
2374,Vikram,CSE,3,17.0,74.26,63.0,52.0,5.0,2029-04-04
2375,Varun,MECH,4,17.0,55.56,37.0,74.0,3.0,2029-04-05
2376,Rohit,EEE,1,22.0,95.94,,89.0,4.0,2029-04-06
2377,Rohit,CSE,4,23.0,83.88,97.0,36.0,4.0,2029-04-07
2378,Harsha,ECE,4,20.0,81.24,40.0,69.0,2.0,2029-04-08
2379,Suresh,ECE,2,22.0,64.07,49.0,83.0,6.0,2029-04-09
2380,Suresh,EEE,2,24.0,86.5,90.0,63.0,0.0,2029-04-10
2381,Rohit,EEE,2,19.0,85.48,72.0,96.0,6.0,2029-04-11
2382,Anjali,EEE,3,18.0,57.72,46.0,78.0,0.0,2029-04-12
2383,Ravi,ECE,4,24.0,94.64,36.0,37.0,2.0,2029-04-13
2384,Varun,AI&DS,3,19.0,81.07,62.0,70.0,5.0,2029-04-14
2385,Divya,ECE,3,20.0,90.66,74.0,60.0,4.0,2029-04-15
2386,Kiran,MECH,3,20.0,66.83,90.0,43.0,2.0,2029-04-16
2387,Keerthi,ECE,1,21.0,60.49,93.0,97.0,6.0,2029-04-17
2388,Ravi,ECE,3,19.0,86.61,65.0,49.0,0.0,2029-04-18
2389,Varun,AI&DS,1,22.0,90.72,62.0,40.0,4.0,2029-04-19
2390,Lakshmi,EEE,4,22.0,72.37,96.0,49.0,3.0,2029-04-20
2391,Ravi,MECH,4,18.0,56.07,86.0,89.0,1.0,2029-04-21
2392,Suresh,CSE,3,20.0,91.82,48.0,74.0,6.0,2029-04-22
2393,Rohit,CSE,2,17.0,64.27,79.0,89.0,5.0,2029-04-23
2394,Naveen,ECE,3,18.0,70.26,82.0,65.0,0.0,2029-04-24
2395,Kiran,AI&DS,3,24.0,83.27,50.0,42.0,0.0,2029-04-25
2396,Keerthi,ECE,3,21.0,59.5,99.0,60.0,0.0,2029-04-26
2397,Manoj,CSE,3,21.0,58.24,54.0,48.0,2.0,2029-04-27
2398,Swathi,AI&DS,1,24.0,56.16,71.0,71.0,2.0,2029-04-28
2399,Rahul,ECE,1,22.0,96.25,67.0,52.0,5.0,2029-04-29
2400,Anjali,ECE,2,23.0,69.01,80.0,99.0,4.0,2029-04-30
2401,Varun,ECE,3,22.0,84.73,94.0,59.0,0.0,2029-05-01
2402,Kiran,EEE,2,20.0,99.52,60.0,55.0,3.0,2029-05-02
2403,Anjali,ECE,3,22.0,85.13,60.0,99.0,5.0,2029-05-03
2404,Ravi,EEE,2,19.0,78.63,84.0,69.0,6.0,2029-05-04
2405,Sneha,ECE,4,24.0,78.44,97.0,46.0,2.0,2029-05-05
2406,Sneha,ECE,2,18.0,71.96,94.0,66.0,0.0,2029-05-06
2407,Ravi,ECE,4,24.0,81.99,,51.0,1.0,2029-05-07
2408,Varun,CSE,2,24.0,98.15,81.0,82.0,2.0,2029-05-08
2409,Rahul,AI&DS,2,18.0,90.46,85.0,72.0,3.0,2029-05-09
2410,Anjali,ECE,3,22.0,74.09,96.0,83.0,2.0,2029-05-10
2411,Priya,MECH,2,24.0,69.96,35.0,97.0,0.0,2029-05-11
2412,Keerthi,ECE,1,21.0,94.76,73.0,83.0,2.0,2029-05-12
2413,Anjali,CSE,2,19.0,61.11,37.0,57.0,2.0,2029-05-13
2414,Harsha,ECE,4,24.0,93.23,73.0,48.0,3.0,2029-05-14
2415,Keerthi,CSE,1,21.0,66.48,61.0,69.0,0.0,2029-05-15
2416,Harsha,EEE,2,17.0,87.2,55.0,64.0,,2029-05-16
2417,Manoj,EEE,3,18.0,91.28,93.0,55.0,2.0,2029-05-17
2418,Vikram,ECE,3,22.0,76.46,81.0,88.0,2.0,2029-05-18
2419,Varun,ECE,2,20.0,,72.0,95.0,6.0,2029-05-19
2420,Pooja,AI&DS,1,18.0,93.01,93.0,60.0,5.0,2029-05-20
2421,Lakshmi,AI&DS,1,23.0,71.54,41.0,79.0,0.0,2029-05-21
2422,Rohit,MECH,2,17.0,69.43,77.0,99.0,1.0,2029-05-22
2423,Keerthi,EEE,4,18.0,77.95,,35.0,0.0,2029-05-23
2424,Swathi,ECE,1,20.0,74.58,50.0,59.0,3.0,2029-05-24
2425,Anjali,AI&DS,4,17.0,85.74,47.0,83.0,2.0,2029-05-25
2426,Teja,CSE,3,20.0,61.17,70.0,67.0,2.0,2029-05-26
2427,Swathi,CSE,1,24.0,74.61,76.0,87.0,3.0,2029-05-27
2428,Lakshmi,CSE,2,24.0,95.13,84.0,66.0,3.0,2029-05-28
2429,Anjali,AI&DS,1,23.0,56.62,64.0,39.0,0.0,2029-05-29
2430,Harsha,MECH,4,19.0,75.58,96.0,63.0,0.0,2029-05-30
2431,Pooja,ECE,3,17.0,84.72,59.0,61.0,5.0,2029-05-31
2432,Sneha,CSE,2,23.0,94.95,45.0,90.0,6.0,2029-06-01
2433,Sneha,CSE,2,19.0,81.72,37.0,44.0,5.0,2029-06-02
2434,Keerthi,AI&DS,3,22.0,92.1,43.0,45.0,6.0,2029-06-03
2435,Ravi,EEE,1,17.0,65.02,64.0,44.0,3.0,2029-06-04
2436,Arjun,AI&DS,2,22.0,,62.0,72.0,5.0,2029-06-05
2437,Vikram,EEE,1,21.0,97.4,91.0,100.0,6.0,2029-06-06
2438,Swathi,EEE,3,24.0,94.87,43.0,75.0,6.0,2029-06-07
2439,Ravi,CSE,3,17.0,,52.0,88.0,1.0,2029-06-08
2440,Rohit,ECE,2,20.0,76.4,99.0,91.0,1.0,2029-06-09
2441,Harsha,MECH,1,24.0,75.3,36.0,74.0,2.0,2029-06-10
2442,Suresh,AI&DS,2,20.0,57.65,63.0,75.0,3.0,2029-06-11
2443,Lakshmi,CSE,4,22.0,95.16,48.0,51.0,6.0,2029-06-12
2444,Vikram,MECH,1,18.0,91.82,70.0,98.0,2.0,2029-06-13
2445,Arjun,MECH,1,22.0,75.53,99.0,86.0,5.0,2029-06-14
2446,Rahul,ECE,1,19.0,67.57,49.0,92.0,6.0,2029-06-15
2447,Lakshmi,ECE,4,21.0,70.43,59.0,99.0,6.0,2029-06-16
2448,Rohit,CSE,1,24.0,60.54,64.0,58.0,1.0,2029-06-17
2449,Naveen,EEE,3,22.0,87.48,87.0,44.0,1.0,2029-06-18
2450,Arjun,AI&DS,4,20.0,80.05,99.0,91.0,1.0,2029-06-19
2451,Anjali,CSE,3,18.0,65.53,41.0,66.0,5.0,2029-06-20
2452,Rahul,ECE,2,19.0,83.04,67.0,98.0,4.0,2029-06-21
2453,Priya,MECH,1,23.0,99.07,84.0,80.0,2.0,2029-06-22
2454,Kiran,EEE,1,18.0,60.51,35.0,51.0,0.0,2029-06-23
2455,Keerthi,AI&DS,1,22.0,75.63,88.0,58.0,3.0,2029-06-24
2456,Priya,CSE,4,20.0,77.24,51.0,75.0,5.0,2029-06-25
2457,Rohit,MECH,1,19.0,62.51,69.0,61.0,3.0,2029-06-26
2458,Pooja,MECH,1,22.0,78.92,99.0,53.0,1.0,2029-06-27
2459,Anjali,ECE,4,19.0,82.27,76.0,48.0,4.0,2029-06-28
2460,Suresh,ECE,2,19.0,62.08,100.0,77.0,4.0,2029-06-29
2461,Harsha,AI&DS,2,21.0,61.96,74.0,37.0,4.0,2029-06-30
2462,Ravi,AI&DS,3,23.0,93.54,48.0,41.0,6.0,2029-07-01
2463,Rahul,CSE,3,23.0,69.01,80.0,37.0,2.0,2029-07-02
2464,Priya,CSE,4,22.0,83.37,75.0,83.0,4.0,2029-07-03
2465,Varun,CSE,2,22.0,83.2,55.0,36.0,5.0,2029-07-04
2466,Arjun,EEE,3,,92.76,40.0,62.0,1.0,2029-07-05
2467,Manoj,CSE,4,19.0,88.3,77.0,43.0,,2029-07-06
2468,Divya,CSE,2,19.0,92.83,73.0,73.0,0.0,2029-07-07
2469,Harsha,ECE,2,20.0,83.13,86.0,37.0,2.0,2029-07-08
2470,Priya,CSE,4,22.0,75.23,43.0,36.0,0.0,2029-07-09
2471,Varun,CSE,1,22.0,72.71,70.0,62.0,5.0,2029-07-10
2472,Swathi,ECE,1,18.0,72.06,89.0,80.0,0.0,2029-07-11
2473,Vikram,AI&DS,3,23.0,73.83,93.0,42.0,4.0,2029-07-12
2474,Kiran,ECE,4,19.0,60.82,97.0,67.0,4.0,2029-07-13
2475,Rohit,MECH,1,24.0,74.08,48.0,88.0,6.0,2029-07-14
2476,Ravi,CSE,4,22.0,72.53,46.0,76.0,2.0,2029-07-15
2477,Pooja,MECH,4,24.0,56.56,73.0,84.0,2.0,2029-07-16
2478,Divya,MECH,4,22.0,67.38,65.0,55.0,1.0,2029-07-17
2479,Kiran,EEE,2,21.0,88.84,50.0,97.0,3.0,2029-07-18
2480,Vikram,ECE,2,18.0,81.01,41.0,44.0,1.0,2029-07-19
2481,Sneha,ECE,3,20.0,91.28,44.0,74.0,0.0,2029-07-20
2482,Rahul,ECE,1,23.0,79.42,57.0,63.0,6.0,2029-07-21
2483,Anjali,ECE,4,20.0,93.43,83.0,37.0,4.0,2029-07-22
2484,Arjun,CSE,3,17.0,90.82,39.0,97.0,0.0,2029-07-23
2485,Vikram,MECH,2,18.0,59.42,41.0,81.0,4.0,2029-07-24
2486,Varun,ECE,3,21.0,98.97,52.0,50.0,2.0,2029-07-25
2487,Sneha,EEE,3,22.0,55.66,92.0,38.0,1.0,2029-07-26
2488,Rahul,AI&DS,3,24.0,,100.0,79.0,3.0,2029-07-27
2489,Arjun,CSE,4,24.0,90.66,64.0,70.0,5.0,2029-07-28
2490,Suresh,ECE,4,21.0,69.94,37.0,38.0,0.0,2029-07-29
2491,Anjali,ECE,4,21.0,81.94,35.0,100.0,2.0,2029-07-30
2492,Pooja,AI&DS,3,23.0,71.3,91.0,82.0,6.0,2029-07-31
2493,Rahul,AI&DS,3,17.0,57.73,64.0,65.0,2.0,2029-08-01
2494,Ravi,CSE,2,21.0,55.38,40.0,50.0,0.0,2029-08-02
2495,Vikram,ECE,1,20.0,59.27,90.0,52.0,3.0,2029-08-03
2496,Vikram,AI&DS,2,23.0,59.43,69.0,64.0,4.0,2029-08-04
2497,Keerthi,MECH,4,23.0,82.49,58.0,38.0,6.0,2029-08-05
2498,Harsha,CSE,1,22.0,78.66,64.0,59.0,4.0,2029-08-06
2499,Pooja,AI&DS,3,22.0,75.5,49.0,49.0,0.0,2029-08-07
2500,Teja,AI&DS,1,22.0,86.14,96.0,42.0,5.0,2029-08-08
2501,Suresh,ECE,2,21.0,55.76,86.0,43.0,5.0,2029-08-09
2502,Anjali,AI&DS,1,18.0,67.19,48.0,57.0,4.0,2029-08-10
2503,Kiran,ECE,3,19.0,89.98,83.0,60.0,6.0,2029-08-11
2504,Ravi,MECH,4,22.0,95.95,,58.0,5.0,2029-08-12
2505,Keerthi,AI&DS,4,21.0,74.73,64.0,80.0,1.0,2029-08-13
2506,Kiran,ECE,3,18.0,58.67,84.0,69.0,2.0,2029-08-14
2507,Lakshmi,CSE,1,24.0,90.94,37.0,47.0,3.0,2029-08-15
2508,Pooja,AI&DS,3,24.0,94.83,82.0,99.0,3.0,2029-08-16
2509,Varun,AI&DS,1,22.0,73.61,49.0,83.0,4.0,2029-08-17
2510,Swathi,CSE,2,18.0,65.95,81.0,66.0,4.0,2029-08-18
2511,Ravi,ECE,3,24.0,56.98,67.0,38.0,0.0,2029-08-19
2512,Kiran,ECE,3,18.0,81.6,36.0,95.0,3.0,2029-08-20
2513,Naveen,EEE,1,20.0,95.94,85.0,84.0,0.0,2029-08-21
2514,Ravi,ECE,4,23.0,85.5,52.0,65.0,3.0,2029-08-22
2515,Kiran,ECE,2,21.0,69.28,97.0,45.0,2.0,2029-08-23
2516,Lakshmi,AI&DS,4,18.0,83.93,90.0,42.0,1.0,2029-08-24
2517,Pooja,CSE,3,17.0,92.44,47.0,54.0,6.0,2029-08-25
2518,Rahul,CSE,3,19.0,76.41,74.0,50.0,1.0,2029-08-26
2519,Pooja,ECE,3,22.0,91.89,58.0,48.0,0.0,2029-08-27
2520,Pooja,MECH,4,22.0,72.64,74.0,61.0,2.0,2029-08-28
2521,Varun,CSE,1,18.0,70.68,71.0,38.0,5.0,2029-08-29
2522,Naveen,ECE,3,18.0,81.23,54.0,56.0,0.0,2029-08-30
2523,Sneha,EEE,1,22.0,75.91,77.0,92.0,3.0,2029-08-31
2524,Sneha,EEE,2,18.0,98.97,52.0,92.0,2.0,2029-09-01
2525,Manoj,ECE,4,17.0,78.24,94.0,35.0,6.0,2029-09-02
2526,Rahul,ECE,4,20.0,72.33,97.0,79.0,0.0,2029-09-03
2527,Ravi,ECE,2,21.0,72.77,45.0,100.0,0.0,2029-09-04
2528,Arjun,MECH,2,18.0,79.66,83.0,73.0,3.0,2029-09-05
2529,Rahul,CSE,3,18.0,70.97,96.0,60.0,1.0,2029-09-06
2530,Lakshmi,MECH,2,18.0,87.53,43.0,67.0,4.0,2029-09-07
2531,Priya,CSE,1,19.0,72.13,83.0,49.0,1.0,2029-09-08
2532,Rahul,EEE,2,17.0,72.29,96.0,61.0,3.0,2029-09-09
2533,Lakshmi,CSE,2,17.0,82.76,49.0,96.0,0.0,2029-09-10
2534,Sneha,CSE,3,19.0,57.74,73.0,75.0,4.0,2029-09-11
2535,Teja,CSE,4,17.0,84.49,87.0,63.0,3.0,2029-09-12
2536,Rahul,AI&DS,3,19.0,77.72,57.0,,0.0,2029-09-13
2537,Sneha,AI&DS,2,21.0,75.39,50.0,94.0,1.0,2029-09-14
2538,Arjun,CSE,3,17.0,87.37,61.0,45.0,0.0,2029-09-15
2539,Naveen,AI&DS,4,21.0,89.12,57.0,82.0,0.0,2029-09-16
2540,Manoj,AI&DS,2,21.0,93.08,82.0,55.0,4.0,2029-09-17
2541,Pooja,EEE,2,21.0,71.87,59.0,53.0,2.0,2029-09-18
2542,Kiran,MECH,1,22.0,69.72,59.0,46.0,5.0,2029-09-19
2543,Priya,ECE,4,23.0,87.15,97.0,59.0,1.0,2029-09-20
2544,Keerthi,CSE,4,17.0,81.18,73.0,79.0,5.0,2029-09-21
2545,Kiran,AI&DS,1,18.0,83.43,96.0,62.0,4.0,2029-09-22
2546,Keerthi,MECH,2,19.0,80.0,81.0,36.0,4.0,2029-09-23
2547,Swathi,CSE,2,22.0,89.77,93.0,52.0,5.0,2029-09-24
2548,Teja,AI&DS,4,23.0,63.55,47.0,45.0,4.0,2029-09-25
2549,Pooja,MECH,1,24.0,80.01,96.0,61.0,5.0,2029-09-26
2550,Rahul,MECH,1,21.0,62.11,97.0,94.0,5.0,2029-09-27
2551,Anjali,AI&DS,2,20.0,73.33,37.0,98.0,3.0,2029-09-28
2552,Varun,ECE,3,20.0,84.88,58.0,100.0,5.0,2029-09-29
2553,Suresh,AI&DS,1,17.0,77.19,62.0,42.0,5.0,2029-09-30
2554,Manoj,EEE,3,20.0,72.08,62.0,67.0,5.0,2029-10-01
2555,Pooja,CSE,3,21.0,94.82,86.0,38.0,4.0,2029-10-02
2556,Sneha,CSE,4,18.0,89.78,81.0,67.0,0.0,2029-10-03
2557,Varun,ECE,1,23.0,78.68,49.0,73.0,3.0,2029-10-04
2558,Harsha,CSE,1,23.0,97.75,75.0,86.0,0.0,2029-10-05
2559,Rohit,ECE,1,19.0,74.1,99.0,57.0,0.0,2029-10-06
2560,Varun,AI&DS,4,24.0,90.46,64.0,37.0,2.0,2029-10-07
2561,Anjali,MECH,3,17.0,62.56,96.0,64.0,3.0,2029-10-08
2562,Anjali,EEE,3,24.0,67.86,77.0,63.0,3.0,2029-10-09
2563,Kiran,AI&DS,4,23.0,70.21,96.0,76.0,6.0,2029-10-10
2564,Lakshmi,EEE,3,18.0,59.76,94.0,41.0,5.0,2029-10-11
2565,Keerthi,AI&DS,1,22.0,77.58,36.0,75.0,2.0,2029-10-12
2566,Pooja,AI&DS,3,19.0,63.65,87.0,61.0,2.0,2029-10-13
2567,Rohit,CSE,3,23.0,83.54,47.0,83.0,4.0,2029-10-14
2568,Manoj,MECH,1,18.0,63.55,89.0,99.0,1.0,2029-10-15
2569,Lakshmi,EEE,3,18.0,60.56,88.0,50.0,6.0,2029-10-16
2570,Rohit,MECH,2,19.0,98.61,52.0,84.0,5.0,2029-10-17
2571,Priya,MECH,1,18.0,84.62,39.0,43.0,4.0,2029-10-18
2572,Divya,MECH,2,19.0,97.14,62.0,100.0,1.0,2029-10-19
2573,Naveen,CSE,2,21.0,77.04,54.0,66.0,4.0,2029-10-20
2574,Teja,MECH,2,22.0,56.5,71.0,84.0,5.0,2029-10-21
2575,Arjun,ECE,2,,80.85,40.0,86.0,0.0,2029-10-22
2576,Ravi,AI&DS,3,18.0,80.12,37.0,75.0,1.0,2029-10-23
2577,Suresh,ECE,2,18.0,55.67,63.0,60.0,3.0,2029-10-24
2578,Harsha,AI&DS,2,24.0,93.76,85.0,84.0,2.0,2029-10-25
2579,Arjun,AI&DS,4,19.0,82.9,55.0,66.0,4.0,2029-10-26
2580,Manoj,CSE,1,17.0,88.51,56.0,78.0,2.0,2029-10-27
2581,Anjali,CSE,2,20.0,77.23,45.0,75.0,6.0,2029-10-28
2582,Kiran,AI&DS,1,17.0,82.83,53.0,65.0,2.0,2029-10-29
2583,Suresh,MECH,4,19.0,66.59,54.0,42.0,2.0,2029-10-30
2584,Vikram,ECE,1,23.0,98.82,52.0,54.0,0.0,2029-10-31
2585,Manoj,ECE,4,19.0,73.03,57.0,96.0,1.0,2029-11-01
2586,Ravi,AI&DS,1,22.0,62.3,53.0,69.0,1.0,2029-11-02
2587,Teja,AI&DS,2,20.0,57.52,79.0,76.0,5.0,2029-11-03
2588,Priya,CSE,3,19.0,83.63,57.0,52.0,2.0,2029-11-04
2589,Varun,EEE,4,22.0,99.25,84.0,81.0,1.0,2029-11-05
2590,Rahul,CSE,1,21.0,95.31,74.0,67.0,2.0,2029-11-06
2591,Naveen,EEE,1,19.0,86.59,77.0,49.0,3.0,2029-11-07
2592,Ravi,EEE,4,18.0,99.58,73.0,44.0,5.0,2029-11-08
2593,Divya,ECE,2,24.0,87.53,95.0,61.0,6.0,2029-11-09
2594,Rahul,MECH,1,18.0,70.27,51.0,72.0,0.0,2029-11-10
2595,Naveen,AI&DS,3,24.0,82.05,99.0,53.0,5.0,2029-11-11
2596,Sneha,MECH,1,20.0,58.59,48.0,51.0,2.0,2029-11-12
2597,Swathi,EEE,4,24.0,64.98,44.0,52.0,5.0,2029-11-13
2598,Naveen,EEE,4,19.0,73.79,89.0,54.0,0.0,2029-11-14
2599,Teja,ECE,4,21.0,64.08,94.0,83.0,4.0,2029-11-15
2600,Naveen,EEE,2,21.0,97.91,41.0,67.0,6.0,2029-11-16
2601,Ravi,MECH,1,19.0,99.8,74.0,65.0,0.0,2029-11-17
2602,Naveen,AI&DS,2,18.0,71.69,68.0,45.0,5.0,2029-11-18
2603,Teja,EEE,2,21.0,86.92,49.0,70.0,0.0,2029-11-19
2604,Ravi,EEE,4,22.0,73.35,69.0,98.0,6.0,2029-11-20
2605,Arjun,AI&DS,3,19.0,61.28,80.0,84.0,5.0,2029-11-21
2606,Varun,MECH,4,23.0,70.16,72.0,64.0,6.0,2029-11-22
2607,Arjun,AI&DS,4,22.0,65.5,69.0,55.0,6.0,2029-11-23
2608,Keerthi,ECE,3,18.0,69.76,93.0,58.0,2.0,2029-11-24
2609,Kiran,CSE,1,24.0,64.68,49.0,36.0,2.0,2029-11-25
2610,Arjun,CSE,1,17.0,60.06,76.0,36.0,4.0,2029-11-26
2611,Harsha,EEE,1,22.0,64.78,55.0,86.0,1.0,2029-11-27
2612,Arjun,AI&DS,3,20.0,95.76,99.0,90.0,2.0,2029-11-28
2613,Swathi,AI&DS,1,,58.83,51.0,98.0,0.0,2029-11-29
2614,Swathi,CSE,4,23.0,69.61,92.0,76.0,6.0,2029-11-30
2615,Priya,AI&DS,1,22.0,,76.0,96.0,1.0,2029-12-01
2616,Sneha,EEE,4,22.0,70.95,49.0,62.0,2.0,2029-12-02
2617,Harsha,MECH,3,23.0,78.29,85.0,51.0,3.0,2029-12-03
2618,Suresh,CSE,1,22.0,56.95,50.0,51.0,2.0,2029-12-04
2619,Arjun,ECE,1,23.0,,52.0,50.0,5.0,2029-12-05
2620,Rohit,AI&DS,2,20.0,80.36,57.0,84.0,6.0,2029-12-06
2621,Anjali,ECE,2,18.0,85.64,79.0,35.0,4.0,2029-12-07
2622,Rahul,AI&DS,2,18.0,80.53,60.0,97.0,5.0,2029-12-08
2623,Lakshmi,AI&DS,3,21.0,74.71,72.0,86.0,0.0,2029-12-09
2624,Rahul,AI&DS,1,21.0,70.76,71.0,60.0,6.0,2029-12-10
2625,Keerthi,ECE,1,17.0,65.19,47.0,81.0,0.0,2029-12-11
2626,Rohit,ECE,3,18.0,77.5,50.0,43.0,0.0,2029-12-12
2627,Keerthi,AI&DS,4,24.0,56.17,55.0,63.0,0.0,2029-12-13
2628,Keerthi,EEE,2,22.0,69.77,49.0,42.0,1.0,2029-12-14
2629,Divya,EEE,4,23.0,85.5,95.0,42.0,,2029-12-15
2630,Arjun,AI&DS,2,18.0,59.89,60.0,35.0,2.0,2029-12-16
2631,Keerthi,EEE,2,17.0,57.83,61.0,87.0,5.0,2029-12-17
2632,Varun,MECH,1,19.0,84.35,79.0,84.0,2.0,2029-12-18
2633,Priya,CSE,2,23.0,72.9,87.0,93.0,0.0,2029-12-19
2634,Varun,ECE,2,21.0,91.08,80.0,99.0,3.0,2029-12-20
2635,Vikram,AI&DS,3,,97.18,71.0,98.0,1.0,2029-12-21
2636,Suresh,EEE,1,20.0,98.07,99.0,100.0,2.0,2029-12-22
2637,Sneha,CSE,1,20.0,74.15,94.0,36.0,3.0,2029-12-23
2638,Manoj,ECE,2,21.0,66.89,48.0,86.0,5.0,2029-12-24
2639,Sneha,AI&DS,1,,82.39,45.0,82.0,4.0,2029-12-25
2640,Anjali,ECE,1,20.0,83.27,60.0,45.0,1.0,2029-12-26
2641,Naveen,MECH,3,21.0,83.01,90.0,44.0,5.0,2029-12-27
2642,Priya,AI&DS,4,24.0,69.48,98.0,99.0,4.0,2029-12-28
2643,Vikram,MECH,3,19.0,57.87,81.0,93.0,1.0,2029-12-29
2644,Keerthi,MECH,1,23.0,64.45,80.0,56.0,5.0,2029-12-30
2645,Arjun,MECH,4,21.0,61.95,50.0,39.0,5.0,2029-12-31
2646,Anjali,CSE,3,24.0,60.58,74.0,57.0,4.0,2030-01-01
2647,Ravi,EEE,3,20.0,96.68,47.0,35.0,2.0,2030-01-02
2648,Swathi,CSE,1,22.0,55.62,70.0,80.0,2.0,2030-01-03
2649,Rohit,AI&DS,3,19.0,82.08,47.0,60.0,3.0,2030-01-04
2650,Teja,MECH,1,22.0,97.64,39.0,38.0,1.0,2030-01-05
2651,Sneha,ECE,3,19.0,71.2,98.0,99.0,2.0,2030-01-06
2652,Rahul,ECE,1,21.0,78.72,93.0,89.0,0.0,2030-01-07
2653,Priya,AI&DS,4,23.0,86.31,80.0,94.0,1.0,2030-01-08
2654,Keerthi,EEE,1,20.0,69.27,76.0,100.0,5.0,2030-01-09
2655,Sneha,EEE,3,20.0,76.49,50.0,35.0,0.0,2030-01-10
2656,Kiran,AI&DS,1,19.0,91.77,72.0,86.0,3.0,2030-01-11
2657,Teja,MECH,3,22.0,88.54,84.0,86.0,3.0,2030-01-12
2658,Varun,CSE,2,21.0,91.38,70.0,86.0,0.0,2030-01-13
2659,Teja,CSE,4,21.0,99.43,53.0,52.0,5.0,2030-01-14
2660,Anjali,ECE,3,17.0,71.66,60.0,60.0,6.0,2030-01-15
2661,Manoj,MECH,2,17.0,88.62,90.0,96.0,4.0,2030-01-16
2662,Manoj,CSE,1,17.0,82.13,51.0,39.0,4.0,2030-01-17
2663,Sneha,CSE,3,23.0,85.0,98.0,77.0,1.0,2030-01-18
2664,Keerthi,CSE,2,23.0,88.29,84.0,87.0,5.0,2030-01-19
2665,Suresh,MECH,1,17.0,88.74,93.0,87.0,5.0,2030-01-20
2666,Divya,CSE,3,17.0,94.86,68.0,74.0,3.0,2030-01-21
2667,Harsha,ECE,1,23.0,70.72,49.0,85.0,4.0,2030-01-22
2668,Swathi,MECH,1,21.0,84.41,37.0,95.0,6.0,2030-01-23
2669,Suresh,CSE,1,19.0,67.61,70.0,85.0,4.0,2030-01-24
2670,Naveen,ECE,2,21.0,81.76,61.0,42.0,1.0,2030-01-25
2671,Harsha,ECE,1,18.0,88.8,42.0,51.0,2.0,2030-01-26
2672,Keerthi,EEE,1,18.0,90.6,96.0,55.0,1.0,2030-01-27
2673,Anjali,AI&DS,2,19.0,73.91,99.0,57.0,2.0,2030-01-28
2674,Harsha,AI&DS,1,24.0,77.89,59.0,58.0,6.0,2030-01-29
2675,Naveen,CSE,1,23.0,70.02,79.0,49.0,1.0,2030-01-30
2676,Rohit,EEE,2,18.0,62.61,62.0,,6.0,2030-01-31
2677,Arjun,EEE,1,21.0,66.72,67.0,42.0,1.0,2030-02-01
2678,Vikram,CSE,4,24.0,96.05,76.0,86.0,3.0,2030-02-02
2679,Lakshmi,AI&DS,2,24.0,68.9,62.0,78.0,3.0,2030-02-03
2680,Suresh,MECH,4,23.0,98.86,87.0,98.0,0.0,2030-02-04
2681,Lakshmi,CSE,4,18.0,65.87,47.0,35.0,1.0,2030-02-05
2682,Rahul,AI&DS,4,18.0,87.54,79.0,54.0,2.0,2030-02-06
2683,Rahul,ECE,3,18.0,80.83,99.0,,0.0,2030-02-07
2684,Harsha,AI&DS,2,18.0,86.36,91.0,67.0,5.0,2030-02-08
2685,Divya,AI&DS,3,18.0,83.98,38.0,72.0,3.0,2030-02-09
2686,Suresh,AI&DS,1,19.0,86.8,42.0,36.0,5.0,2030-02-10
2687,Vikram,CSE,4,21.0,95.75,76.0,85.0,6.0,2030-02-11
2688,Vikram,ECE,2,20.0,80.36,96.0,51.0,2.0,2030-02-12
2689,Lakshmi,EEE,1,20.0,58.05,90.0,98.0,5.0,2030-02-13
2690,Priya,ECE,1,18.0,67.19,94.0,59.0,0.0,2030-02-14
2691,Harsha,CSE,1,18.0,86.87,44.0,47.0,3.0,2030-02-15
2692,Varun,EEE,1,24.0,77.23,69.0,74.0,4.0,2030-02-16
2693,Swathi,CSE,3,21.0,79.68,82.0,66.0,3.0,2030-02-17
2694,Divya,EEE,1,18.0,81.85,76.0,66.0,5.0,2030-02-18
2695,Sneha,AI&DS,4,23.0,72.22,86.0,97.0,6.0,2030-02-19
2696,Swathi,EEE,2,23.0,89.83,49.0,59.0,2.0,2030-02-20
2697,Pooja,CSE,3,24.0,87.56,65.0,61.0,1.0,2030-02-21
2698,Arjun,CSE,2,18.0,87.14,64.0,76.0,4.0,2030-02-22
2699,Divya,AI&DS,1,22.0,87.19,97.0,46.0,6.0,2030-02-23
2700,Rohit,CSE,1,24.0,95.07,48.0,89.0,6.0,2030-02-24
2701,Anjali,CSE,3,23.0,81.79,56.0,50.0,5.0,2030-02-25
2702,Sneha,EEE,3,18.0,,36.0,50.0,1.0,2030-02-26
2703,Swathi,EEE,2,24.0,60.36,45.0,35.0,1.0,2030-02-27
2704,Sneha,CSE,2,20.0,83.44,99.0,57.0,4.0,2030-02-28
2705,Lakshmi,MECH,4,20.0,87.26,90.0,73.0,2.0,2030-03-01
2706,Varun,EEE,4,21.0,76.47,52.0,81.0,4.0,2030-03-02
2707,Rohit,MECH,2,23.0,67.97,81.0,94.0,6.0,2030-03-03
2708,Lakshmi,ECE,1,17.0,79.75,74.0,86.0,3.0,2030-03-04
2709,Kiran,ECE,2,21.0,71.41,94.0,56.0,2.0,2030-03-05
2710,Kiran,ECE,3,23.0,,54.0,89.0,6.0,2030-03-06
2711,Ravi,ECE,3,21.0,71.06,100.0,47.0,3.0,2030-03-07
2712,Pooja,MECH,1,19.0,62.91,59.0,48.0,4.0,2030-03-08
2713,Varun,CSE,1,17.0,80.94,82.0,58.0,0.0,2030-03-09
2714,Naveen,AI&DS,2,21.0,72.82,61.0,70.0,3.0,2030-03-10
2715,Manoj,CSE,4,22.0,59.32,79.0,48.0,2.0,2030-03-11
2716,Varun,MECH,1,21.0,,,94.0,0.0,2030-03-12
2717,Manoj,AI&DS,2,24.0,79.2,90.0,52.0,1.0,2030-03-13
2718,Divya,ECE,1,21.0,62.79,77.0,60.0,4.0,2030-03-14
2719,Vikram,EEE,1,21.0,81.89,54.0,74.0,1.0,2030-03-15
2720,Suresh,MECH,3,17.0,80.53,98.0,63.0,0.0,2030-03-16
2721,Priya,CSE,2,21.0,89.81,81.0,61.0,0.0,2030-03-17
2722,Naveen,EEE,2,18.0,71.27,63.0,99.0,0.0,2030-03-18
2723,Swathi,MECH,4,22.0,66.19,43.0,63.0,3.0,2030-03-19
2724,Naveen,CSE,1,18.0,97.8,99.0,42.0,3.0,2030-03-20
2725,Suresh,EEE,1,24.0,80.25,84.0,83.0,4.0,2030-03-21
2726,Harsha,AI&DS,4,19.0,56.22,79.0,81.0,4.0,2030-03-22
2727,Lakshmi,ECE,3,20.0,91.93,89.0,49.0,3.0,2030-03-23
2728,Keerthi,ECE,1,18.0,63.85,75.0,91.0,6.0,2030-03-24
2729,Vikram,AI&DS,2,18.0,90.37,50.0,60.0,1.0,2030-03-25
2730,Arjun,CSE,3,24.0,86.73,50.0,44.0,4.0,2030-03-26
2731,Harsha,CSE,2,19.0,98.6,40.0,46.0,0.0,2030-03-27
2732,Lakshmi,CSE,3,21.0,98.45,,82.0,5.0,2030-03-28
2733,Swathi,ECE,3,24.0,67.35,83.0,49.0,2.0,2030-03-29
2734,Varun,AI&DS,2,21.0,89.49,91.0,66.0,2.0,2030-03-30
2735,Varun,CSE,4,17.0,69.26,45.0,83.0,0.0,2030-03-31
2736,Harsha,ECE,2,19.0,83.31,72.0,91.0,3.0,2030-04-01
2737,Suresh,ECE,4,20.0,81.9,43.0,67.0,2.0,2030-04-02
2738,Priya,ECE,1,19.0,57.45,62.0,94.0,6.0,2030-04-03
2739,Rahul,MECH,2,18.0,55.23,87.0,54.0,1.0,2030-04-04
2740,Kiran,AI&DS,3,21.0,57.6,88.0,92.0,2.0,2030-04-05
2741,Vikram,EEE,4,20.0,60.76,97.0,51.0,6.0,2030-04-06
2742,Naveen,CSE,1,19.0,66.59,55.0,39.0,5.0,2030-04-07
2743,Pooja,EEE,4,20.0,95.81,97.0,82.0,5.0,2030-04-08
2744,Rahul,MECH,1,19.0,78.34,86.0,84.0,3.0,2030-04-09
2745,Kiran,EEE,2,18.0,90.86,57.0,96.0,6.0,2030-04-10
2746,Rohit,ECE,2,20.0,92.72,,95.0,1.0,2030-04-11
2747,Rohit,ECE,2,24.0,88.07,42.0,41.0,5.0,2030-04-12
2748,Divya,AI&DS,4,21.0,72.61,95.0,76.0,4.0,2030-04-13
2749,Teja,ECE,3,21.0,93.87,48.0,81.0,2.0,2030-04-14
2750,Naveen,EEE,4,24.0,88.39,52.0,74.0,1.0,2030-04-15
2751,Lakshmi,MECH,2,21.0,88.44,62.0,36.0,3.0,2030-04-16
2752,Varun,AI&DS,4,18.0,95.57,44.0,37.0,0.0,2030-04-17
2753,Manoj,CSE,2,20.0,81.94,88.0,79.0,5.0,2030-04-18
2754,Divya,ECE,3,20.0,78.79,81.0,91.0,1.0,2030-04-19
2755,Manoj,CSE,3,20.0,95.06,45.0,46.0,2.0,2030-04-20
2756,Ravi,CSE,3,18.0,75.45,45.0,38.0,1.0,2030-04-21
2757,Ravi,AI&DS,3,17.0,91.52,36.0,61.0,3.0,2030-04-22
2758,Manoj,EEE,2,19.0,57.42,97.0,55.0,2.0,2030-04-23
2759,Keerthi,CSE,3,24.0,55.06,63.0,99.0,1.0,2030-04-24
2760,Keerthi,CSE,4,22.0,78.77,78.0,96.0,6.0,2030-04-25
2761,Divya,CSE,2,23.0,58.31,44.0,71.0,5.0,2030-04-26
2762,Vikram,MECH,3,18.0,98.94,50.0,97.0,2.0,2030-04-27
2763,Rahul,ECE,1,,55.25,70.0,50.0,0.0,2030-04-28
2764,Manoj,CSE,2,21.0,87.32,48.0,100.0,5.0,2030-04-29
2765,Keerthi,CSE,4,20.0,65.95,75.0,64.0,4.0,2030-04-30
2766,Lakshmi,ECE,3,20.0,98.54,95.0,66.0,3.0,2030-05-01
2767,Suresh,AI&DS,1,19.0,72.17,55.0,38.0,4.0,2030-05-02
2768,Pooja,ECE,3,17.0,56.23,75.0,46.0,0.0,2030-05-03
2769,Priya,AI&DS,4,23.0,,95.0,47.0,3.0,2030-05-04
2770,Sneha,MECH,1,24.0,79.9,93.0,67.0,1.0,2030-05-05
2771,Ravi,AI&DS,1,17.0,99.4,35.0,47.0,4.0,2030-05-06
2772,Divya,ECE,2,20.0,99.09,42.0,41.0,6.0,2030-05-07
2773,Divya,CSE,3,21.0,70.18,100.0,74.0,3.0,2030-05-08
2774,Divya,MECH,2,23.0,76.72,96.0,92.0,4.0,2030-05-09
2775,Harsha,MECH,4,24.0,59.52,56.0,39.0,4.0,2030-05-10
2776,Arjun,EEE,4,20.0,78.5,69.0,71.0,6.0,2030-05-11
2777,Ravi,AI&DS,3,22.0,81.99,72.0,98.0,0.0,2030-05-12
2778,Sneha,CSE,2,24.0,66.3,79.0,61.0,2.0,2030-05-13
2779,Ravi,EEE,1,23.0,82.55,84.0,47.0,1.0,2030-05-14
2780,Swathi,EEE,4,19.0,95.49,59.0,40.0,5.0,2030-05-15
2781,Rahul,CSE,4,23.0,55.04,93.0,96.0,3.0,2030-05-16
2782,Ravi,AI&DS,2,20.0,65.3,38.0,61.0,5.0,2030-05-17
2783,Rahul,AI&DS,3,17.0,64.45,37.0,41.0,3.0,2030-05-18
2784,Rohit,EEE,4,23.0,60.57,98.0,92.0,6.0,2030-05-19
2785,Naveen,ECE,3,23.0,62.47,46.0,87.0,5.0,2030-05-20
2786,Kiran,ECE,1,19.0,83.17,100.0,81.0,0.0,2030-05-21
2787,Sneha,ECE,3,20.0,59.62,53.0,40.0,6.0,2030-05-22
2788,Priya,AI&DS,4,19.0,88.23,59.0,,6.0,2030-05-23
2789,Pooja,AI&DS,4,17.0,94.92,36.0,49.0,0.0,2030-05-24
2790,Harsha,CSE,2,24.0,96.7,97.0,45.0,2.0,2030-05-25
2791,Keerthi,EEE,3,17.0,84.71,58.0,70.0,6.0,2030-05-26
2792,Varun,AI&DS,2,21.0,63.88,46.0,60.0,5.0,2030-05-27
2793,Ravi,AI&DS,3,17.0,58.84,66.0,85.0,3.0,2030-05-28
2794,Anjali,CSE,1,22.0,65.44,45.0,41.0,3.0,2030-05-29
2795,Pooja,CSE,2,24.0,98.29,87.0,83.0,0.0,2030-05-30
2796,Kiran,ECE,2,22.0,98.31,39.0,96.0,3.0,2030-05-31
2797,Rohit,CSE,2,21.0,72.19,67.0,43.0,4.0,2030-06-01
2798,Sneha,CSE,2,23.0,69.66,60.0,78.0,2.0,2030-06-02
2799,Pooja,EEE,1,24.0,77.95,37.0,68.0,2.0,2030-06-03
2800,Suresh,AI&DS,3,23.0,68.13,38.0,41.0,5.0,2030-06-04
2801,Priya,AI&DS,2,18.0,99.08,69.0,54.0,3.0,2030-06-05
2802,Pooja,AI&DS,4,21.0,64.95,61.0,87.0,1.0,2030-06-06
2803,Pooja,EEE,1,23.0,71.61,43.0,92.0,2.0,2030-06-07
2804,Anjali,AI&DS,3,19.0,74.32,44.0,59.0,3.0,2030-06-08
2805,Arjun,EEE,1,22.0,60.63,88.0,42.0,1.0,2030-06-09
2806,Rahul,MECH,3,17.0,72.23,83.0,51.0,3.0,2030-06-10
2807,Rahul,ECE,2,24.0,93.55,75.0,90.0,6.0,2030-06-11
2808,Pooja,AI&DS,2,21.0,61.32,90.0,72.0,5.0,2030-06-12
2809,Priya,EEE,3,22.0,81.28,39.0,63.0,1.0,2030-06-13
2810,Rohit,AI&DS,4,23.0,73.3,80.0,35.0,3.0,2030-06-14
2811,Kiran,AI&DS,2,18.0,62.67,84.0,86.0,3.0,2030-06-15
2812,Swathi,ECE,4,20.0,55.56,48.0,65.0,4.0,2030-06-16
2813,Swathi,AI&DS,1,23.0,67.3,70.0,70.0,5.0,2030-06-17
2814,Pooja,CSE,2,18.0,57.78,85.0,90.0,3.0,2030-06-18
2815,Varun,AI&DS,2,23.0,71.95,74.0,72.0,2.0,2030-06-19
2816,Arjun,CSE,4,19.0,91.46,51.0,96.0,4.0,2030-06-20
2817,Kiran,AI&DS,1,21.0,87.39,78.0,71.0,0.0,2030-06-21
2818,Anjali,ECE,2,21.0,97.63,85.0,57.0,4.0,2030-06-22
2819,Arjun,MECH,2,22.0,74.22,35.0,95.0,6.0,2030-06-23
2820,Anjali,CSE,4,23.0,86.85,72.0,77.0,4.0,2030-06-24
2821,Ravi,ECE,2,19.0,84.94,68.0,85.0,3.0,2030-06-25
2822,Harsha,AI&DS,4,18.0,64.77,59.0,49.0,5.0,2030-06-26
2823,Ravi,CSE,3,20.0,68.66,37.0,79.0,3.0,2030-06-27
2824,Varun,CSE,3,21.0,78.84,40.0,71.0,3.0,2030-06-28
2825,Harsha,CSE,4,23.0,90.85,84.0,41.0,5.0,2030-06-29
2826,Lakshmi,CSE,1,23.0,75.78,89.0,51.0,1.0,2030-06-30
2827,Arjun,AI&DS,2,19.0,65.25,62.0,95.0,5.0,2030-07-01
2828,Rohit,AI&DS,3,24.0,99.71,97.0,72.0,4.0,2030-07-02
2829,Manoj,ECE,1,17.0,60.2,96.0,86.0,3.0,2030-07-03
2830,Rohit,CSE,1,17.0,98.02,78.0,46.0,0.0,2030-07-04
2831,Divya,CSE,1,17.0,91.41,73.0,49.0,5.0,2030-07-05
2832,Rohit,CSE,4,24.0,92.75,98.0,97.0,1.0,2030-07-06
2833,Keerthi,ECE,3,18.0,90.77,75.0,62.0,6.0,2030-07-07
2834,Priya,AI&DS,2,21.0,64.37,96.0,93.0,5.0,2030-07-08
2835,Vikram,ECE,3,23.0,83.47,99.0,88.0,2.0,2030-07-09
2836,Arjun,CSE,3,23.0,89.05,47.0,57.0,3.0,2030-07-10
2837,Lakshmi,CSE,4,24.0,88.56,78.0,97.0,0.0,2030-07-11
2838,Ravi,MECH,4,17.0,67.22,83.0,86.0,3.0,2030-07-12
2839,Kiran,CSE,4,20.0,63.15,89.0,43.0,0.0,2030-07-13
2840,Keerthi,CSE,1,21.0,69.77,58.0,41.0,6.0,2030-07-14
2841,Vikram,CSE,4,22.0,76.59,91.0,43.0,4.0,2030-07-15
2842,Priya,MECH,2,21.0,80.82,67.0,83.0,1.0,2030-07-16
2843,Teja,ECE,2,21.0,92.66,60.0,44.0,5.0,2030-07-17
2844,Teja,ECE,3,19.0,89.61,45.0,53.0,0.0,2030-07-18
2845,Naveen,MECH,3,17.0,85.43,56.0,63.0,3.0,2030-07-19
2846,Manoj,CSE,2,20.0,66.86,99.0,43.0,0.0,2030-07-20
2847,Vikram,MECH,4,19.0,76.55,82.0,56.0,0.0,2030-07-21
2848,Suresh,CSE,1,21.0,70.09,82.0,79.0,1.0,2030-07-22
2849,Suresh,ECE,1,23.0,65.57,94.0,99.0,2.0,2030-07-23
2850,Sneha,AI&DS,1,21.0,55.46,52.0,66.0,5.0,2030-07-24
2851,Priya,AI&DS,4,21.0,70.28,78.0,84.0,6.0,2030-07-25
2852,Anjali,MECH,2,17.0,66.53,59.0,69.0,5.0,2030-07-26
2853,Pooja,CSE,2,22.0,80.74,90.0,65.0,5.0,2030-07-27
2854,Sneha,MECH,3,20.0,57.8,62.0,69.0,3.0,2030-07-28
2855,Arjun,AI&DS,2,17.0,67.17,91.0,98.0,2.0,2030-07-29
2856,Varun,ECE,3,18.0,57.01,84.0,38.0,1.0,2030-07-30
2857,Divya,MECH,1,23.0,83.86,85.0,68.0,6.0,2030-07-31
2858,Keerthi,CSE,1,24.0,80.57,96.0,38.0,3.0,2030-08-01
2859,Suresh,MECH,4,21.0,70.19,87.0,92.0,3.0,2030-08-02
2860,Naveen,ECE,2,24.0,61.63,56.0,74.0,0.0,2030-08-03
2861,Naveen,EEE,1,18.0,98.11,69.0,38.0,3.0,2030-08-04
2862,Anjali,CSE,2,19.0,81.3,66.0,76.0,4.0,2030-08-05
2863,Teja,ECE,2,24.0,85.56,39.0,63.0,3.0,2030-08-06
2864,Divya,ECE,2,18.0,78.91,74.0,38.0,4.0,2030-08-07
2865,Teja,AI&DS,2,22.0,91.29,63.0,99.0,5.0,2030-08-08
2866,Vikram,CSE,3,18.0,95.34,60.0,59.0,0.0,2030-08-09
2867,Arjun,CSE,1,19.0,72.22,42.0,36.0,6.0,2030-08-10
2868,Harsha,MECH,2,20.0,86.05,68.0,75.0,5.0,2030-08-11
2869,Rahul,CSE,2,19.0,65.34,73.0,59.0,2.0,2030-08-12
2870,Harsha,EEE,3,23.0,84.33,41.0,78.0,5.0,2030-08-13
2871,Rahul,MECH,4,24.0,72.96,76.0,45.0,0.0,2030-08-14
2872,Kiran,CSE,4,21.0,55.31,46.0,89.0,2.0,2030-08-15
2873,Manoj,CSE,2,21.0,98.0,44.0,62.0,0.0,2030-08-16
2874,Lakshmi,ECE,3,17.0,94.08,61.0,62.0,4.0,2030-08-17
2875,Vikram,CSE,1,18.0,68.09,60.0,88.0,5.0,2030-08-18
2876,Arjun,ECE,3,17.0,99.9,95.0,71.0,4.0,2030-08-19
2877,Kiran,ECE,1,23.0,69.27,39.0,35.0,4.0,2030-08-20
2878,Varun,ECE,1,18.0,75.65,58.0,73.0,1.0,2030-08-21
2879,Naveen,AI&DS,3,19.0,93.31,83.0,77.0,6.0,2030-08-22
2880,Arjun,ECE,1,23.0,68.71,51.0,55.0,1.0,2030-08-23
2881,Divya,ECE,2,22.0,75.27,99.0,46.0,3.0,2030-08-24
2882,Anjali,CSE,1,21.0,84.95,84.0,38.0,4.0,2030-08-25
2883,Sneha,ECE,3,17.0,60.87,97.0,90.0,5.0,2030-08-26
2884,Teja,MECH,4,21.0,74.01,97.0,,6.0,2030-08-27
2885,Manoj,ECE,3,21.0,68.92,42.0,73.0,4.0,2030-08-28
2886,Sneha,AI&DS,4,19.0,85.45,65.0,90.0,4.0,2030-08-29
2887,Swathi,AI&DS,2,22.0,61.12,84.0,58.0,2.0,2030-08-30
2888,Vikram,CSE,1,24.0,65.47,35.0,48.0,3.0,2030-08-31
2889,Priya,CSE,1,19.0,87.01,64.0,82.0,4.0,2030-09-01
2890,Vikram,CSE,1,19.0,62.03,80.0,76.0,4.0,2030-09-02
2891,Sneha,MECH,1,,73.99,87.0,35.0,4.0,2030-09-03
2892,Kiran,CSE,2,23.0,87.08,62.0,73.0,3.0,2030-09-04
2893,Varun,EEE,1,17.0,89.45,91.0,35.0,1.0,2030-09-05
2894,Naveen,CSE,3,24.0,59.27,79.0,61.0,0.0,2030-09-06
2895,Arjun,AI&DS,1,23.0,93.34,38.0,55.0,2.0,2030-09-07
2896,Varun,AI&DS,3,20.0,87.58,53.0,90.0,2.0,2030-09-08
2897,Keerthi,AI&DS,2,21.0,70.27,96.0,99.0,4.0,2030-09-09
2898,Varun,EEE,3,24.0,89.37,35.0,81.0,6.0,2030-09-10
2899,Naveen,MECH,3,23.0,87.77,42.0,83.0,4.0,2030-09-11
2900,Ravi,MECH,4,19.0,82.04,57.0,36.0,5.0,2030-09-12
2901,Suresh,CSE,2,17.0,80.13,100.0,39.0,4.0,2030-09-13
2902,Suresh,EEE,2,22.0,88.06,81.0,86.0,6.0,2030-09-14
2903,Naveen,CSE,3,18.0,99.97,44.0,63.0,6.0,2030-09-15
2904,Kiran,MECH,3,17.0,81.03,60.0,68.0,1.0,2030-09-16
2905,Ravi,ECE,2,24.0,91.39,97.0,80.0,4.0,2030-09-17
2906,Kiran,AI&DS,3,20.0,88.49,49.0,57.0,,2030-09-18
2907,Anjali,CSE,2,22.0,93.51,72.0,80.0,,2030-09-19
2908,Sneha,CSE,2,,97.95,65.0,82.0,4.0,2030-09-20
2909,Rahul,CSE,2,17.0,63.69,85.0,50.0,0.0,2030-09-21
2910,Lakshmi,MECH,4,17.0,62.45,84.0,80.0,1.0,2030-09-22
2911,Priya,EEE,3,19.0,81.39,89.0,46.0,0.0,2030-09-23
2912,Varun,MECH,1,17.0,75.22,42.0,55.0,1.0,2030-09-24
2913,Rahul,CSE,4,20.0,80.68,64.0,86.0,0.0,2030-09-25
2914,Harsha,ECE,3,19.0,90.91,80.0,99.0,5.0,2030-09-26
2915,Ravi,AI&DS,1,21.0,96.93,62.0,39.0,3.0,2030-09-27
2916,Suresh,ECE,3,21.0,73.78,79.0,77.0,4.0,2030-09-28
2917,Anjali,AI&DS,3,19.0,87.31,76.0,72.0,6.0,2030-09-29
2918,Pooja,AI&DS,4,20.0,63.86,59.0,74.0,4.0,2030-09-30
2919,Pooja,ECE,2,17.0,79.05,41.0,86.0,3.0,2030-10-01
2920,Suresh,CSE,3,19.0,55.98,99.0,39.0,1.0,2030-10-02
2921,Divya,AI&DS,2,24.0,77.67,89.0,83.0,5.0,2030-10-03
2922,Suresh,ECE,2,24.0,79.54,94.0,53.0,3.0,2030-10-04
2923,Teja,CSE,3,20.0,88.1,54.0,45.0,5.0,2030-10-05
2924,Vikram,MECH,4,24.0,84.23,55.0,64.0,0.0,2030-10-06
2925,Divya,ECE,4,21.0,71.13,56.0,36.0,1.0,2030-10-07
2926,Arjun,EEE,4,18.0,55.26,37.0,76.0,0.0,2030-10-08
2927,Divya,ECE,3,23.0,60.2,46.0,72.0,4.0,2030-10-09
2928,Arjun,EEE,3,20.0,98.79,55.0,68.0,3.0,2030-10-10
2929,Sneha,EEE,2,21.0,96.5,100.0,37.0,2.0,2030-10-11
2930,Rohit,MECH,4,22.0,69.63,48.0,85.0,2.0,2030-10-12
2931,Priya,ECE,2,,66.65,68.0,37.0,4.0,2030-10-13
2932,Pooja,AI&DS,2,22.0,74.64,71.0,52.0,6.0,2030-10-14
2933,Teja,CSE,4,21.0,,58.0,61.0,6.0,2030-10-15
2934,Rohit,ECE,3,19.0,71.06,95.0,81.0,3.0,2030-10-16
2935,Arjun,CSE,2,19.0,58.03,41.0,61.0,4.0,2030-10-17
2936,Sneha,CSE,4,22.0,73.13,92.0,88.0,0.0,2030-10-18
2937,Divya,CSE,4,18.0,66.73,84.0,96.0,6.0,2030-10-19
2938,Keerthi,ECE,2,17.0,69.62,55.0,85.0,0.0,2030-10-20
2939,Rohit,CSE,3,24.0,62.33,85.0,37.0,2.0,2030-10-21
2940,Kiran,ECE,2,19.0,84.65,63.0,85.0,5.0,2030-10-22
2941,Sneha,EEE,3,22.0,78.7,99.0,48.0,6.0,2030-10-23
2942,Anjali,EEE,4,22.0,,37.0,93.0,1.0,2030-10-24
2943,Varun,AI&DS,3,23.0,79.92,36.0,99.0,4.0,2030-10-25
2944,Rahul,ECE,4,22.0,77.17,70.0,40.0,1.0,2030-10-26
2945,Divya,ECE,3,22.0,90.82,96.0,41.0,0.0,2030-10-27
2946,Arjun,AI&DS,4,23.0,98.02,39.0,81.0,2.0,2030-10-28
2947,Sneha,ECE,2,24.0,60.88,86.0,44.0,4.0,2030-10-29
2948,Lakshmi,CSE,2,17.0,94.78,96.0,98.0,1.0,2030-10-30
2949,Rahul,MECH,2,22.0,86.72,67.0,70.0,6.0,2030-10-31
2950,Ravi,CSE,4,18.0,,92.0,72.0,4.0,2030-11-01
2951,Lakshmi,EEE,3,24.0,71.84,,91.0,3.0,2030-11-02
2952,Manoj,ECE,1,17.0,70.48,49.0,49.0,3.0,2030-11-03
2953,Priya,CSE,1,18.0,55.25,,71.0,3.0,2030-11-04
2954,Pooja,EEE,3,18.0,99.2,81.0,100.0,0.0,2030-11-05
2955,Rohit,CSE,4,21.0,82.29,35.0,36.0,4.0,2030-11-06
2956,Vikram,EEE,2,17.0,73.1,72.0,46.0,5.0,2030-11-07
2957,Suresh,ECE,3,17.0,79.47,78.0,44.0,2.0,2030-11-08
2958,Suresh,CSE,4,21.0,56.82,87.0,57.0,2.0,2030-11-09
2959,Swathi,CSE,3,24.0,62.81,85.0,43.0,6.0,2030-11-10
2960,Sneha,EEE,4,21.0,83.05,66.0,46.0,4.0,2030-11-11
2961,Teja,AI&DS,3,20.0,78.14,54.0,91.0,2.0,2030-11-12
2962,Rohit,MECH,3,22.0,90.42,47.0,65.0,0.0,2030-11-13
2963,Arjun,EEE,4,21.0,84.64,40.0,58.0,5.0,2030-11-14
2964,Teja,ECE,3,20.0,82.06,77.0,62.0,4.0,2030-11-15
2965,Teja,AI&DS,1,21.0,91.69,98.0,99.0,4.0,2030-11-16
2966,Naveen,EEE,2,17.0,58.07,40.0,67.0,1.0,2030-11-17
2967,Divya,MECH,1,18.0,86.09,81.0,65.0,1.0,2030-11-18
2968,Pooja,CSE,3,22.0,87.2,73.0,96.0,3.0,2030-11-19
2969,Teja,AI&DS,1,19.0,67.38,46.0,37.0,5.0,2030-11-20
2970,Sneha,CSE,3,17.0,63.8,49.0,66.0,2.0,2030-11-21
2971,Teja,AI&DS,2,17.0,64.62,53.0,84.0,3.0,2030-11-22
2972,Lakshmi,EEE,1,23.0,63.92,80.0,68.0,6.0,2030-11-23
2973,Swathi,AI&DS,1,19.0,78.57,54.0,92.0,1.0,2030-11-24
2974,Ravi,ECE,3,17.0,61.1,89.0,93.0,1.0,2030-11-25
2975,Keerthi,AI&DS,1,22.0,84.67,59.0,57.0,1.0,2030-11-26
2976,Priya,CSE,4,21.0,59.73,42.0,88.0,6.0,2030-11-27
2977,Lakshmi,AI&DS,4,20.0,56.21,41.0,51.0,3.0,2030-11-28
2978,Ravi,MECH,3,24.0,69.37,61.0,50.0,6.0,2030-11-29
2979,Priya,ECE,1,19.0,63.63,61.0,99.0,6.0,2030-11-30
2980,Harsha,AI&DS,4,21.0,99.49,83.0,35.0,2.0,2030-12-01
2981,Swathi,EEE,3,22.0,68.63,66.0,58.0,0.0,2030-12-02
2982,Manoj,CSE,2,21.0,64.99,45.0,76.0,2.0,2030-12-03
2983,Priya,AI&DS,1,18.0,63.85,49.0,62.0,3.0,2030-12-04
2984,Harsha,CSE,3,22.0,71.82,72.0,90.0,2.0,2030-12-05
2985,Manoj,MECH,4,22.0,82.26,57.0,51.0,0.0,2030-12-06
2986,Harsha,EEE,1,17.0,90.19,79.0,71.0,6.0,2030-12-07
2987,Teja,ECE,1,18.0,71.41,95.0,43.0,2.0,2030-12-08
2988,Kiran,CSE,2,22.0,83.17,58.0,48.0,4.0,2030-12-09
2989,Kiran,CSE,3,17.0,76.69,71.0,46.0,6.0,2030-12-10
2990,Lakshmi,ECE,2,24.0,93.09,89.0,83.0,3.0,2030-12-11
2991,Suresh,AI&DS,2,17.0,80.61,48.0,48.0,4.0,2030-12-12
2992,Vikram,MECH,2,24.0,68.05,68.0,,0.0,2030-12-13
2993,Anjali,EEE,1,22.0,86.66,55.0,57.0,4.0,2030-12-14
2994,Manoj,AI&DS,1,20.0,91.9,76.0,72.0,5.0,2030-12-15
2995,Harsha,EEE,1,19.0,75.94,84.0,92.0,6.0,2030-12-16
2996,Rahul,MECH,3,19.0,99.42,44.0,91.0,0.0,2030-12-17
2997,Keerthi,AI&DS,4,22.0,,47.0,35.0,1.0,2030-12-18
2998,Rohit,ECE,2,23.0,63.86,36.0,86.0,0.0,2030-12-19
2999,Anjali,MECH,1,18.0,90.4,35.0,98.0,6.0,2030-12-20
3000,Anjali,CSE,2,21.0,82.04,38.0,79.0,1.0,2030-12-21
3001,Varun,MECH,4,24.0,79.07,81.0,47.0,3.0,2030-12-22
3002,Priya,CSE,1,19.0,,94.0,78.0,3.0,2030-12-23
3003,Divya,ECE,2,22.0,93.4,62.0,76.0,4.0,2030-12-24
3004,Pooja,EEE,3,18.0,82.49,93.0,78.0,6.0,2030-12-25
3005,Harsha,ECE,2,23.0,79.2,83.0,63.0,2.0,2030-12-26
3006,Arjun,AI&DS,2,18.0,57.2,88.0,69.0,5.0,2030-12-27
3007,Vikram,ECE,2,19.0,75.17,83.0,78.0,2.0,2030-12-28
3008,Sneha,CSE,2,20.0,95.86,48.0,65.0,,2030-12-29
3009,Harsha,CSE,3,19.0,87.03,69.0,86.0,0.0,2030-12-30
3010,Manoj,AI&DS,3,18.0,57.29,69.0,81.0,2.0,2030-12-31
3011,Pooja,ECE,1,22.0,94.78,77.0,55.0,3.0,2031-01-01
3012,Divya,AI&DS,1,17.0,92.2,87.0,75.0,5.0,2031-01-02
3013,Sneha,CSE,2,24.0,79.6,42.0,84.0,5.0,2031-01-03
3014,Lakshmi,MECH,4,17.0,56.01,79.0,67.0,3.0,2031-01-04
3015,Manoj,AI&DS,1,19.0,80.31,89.0,82.0,2.0,2031-01-05
3016,Ravi,AI&DS,1,24.0,57.46,42.0,43.0,1.0,2031-01-06
3017,Vikram,AI&DS,3,18.0,69.42,62.0,60.0,6.0,2031-01-07
3018,Naveen,CSE,2,17.0,83.3,94.0,81.0,2.0,2031-01-08
3019,Naveen,EEE,1,22.0,96.08,36.0,94.0,5.0,2031-01-09
3020,Pooja,AI&DS,1,17.0,71.1,45.0,77.0,4.0,2031-01-10
3021,Ravi,CSE,3,24.0,93.7,88.0,78.0,6.0,2031-01-11
3022,Swathi,MECH,3,20.0,96.33,46.0,57.0,6.0,2031-01-12
3023,Swathi,EEE,3,23.0,55.95,81.0,81.0,4.0,2031-01-13
3024,Keerthi,EEE,2,18.0,65.77,94.0,58.0,4.0,2031-01-14
3025,Priya,MECH,3,18.0,86.94,67.0,38.0,0.0,2031-01-15
3026,Pooja,MECH,4,24.0,89.06,66.0,51.0,0.0,2031-01-16
3027,Manoj,AI&DS,2,23.0,72.66,63.0,75.0,3.0,2031-01-17
3028,Rohit,ECE,2,24.0,84.55,59.0,98.0,4.0,2031-01-18
3029,Suresh,ECE,1,19.0,82.55,60.0,67.0,5.0,2031-01-19
3030,Ravi,AI&DS,3,20.0,88.29,71.0,91.0,1.0,2031-01-20
3031,Keerthi,CSE,1,21.0,87.34,94.0,86.0,3.0,2031-01-21
3032,Sneha,CSE,1,20.0,58.86,99.0,72.0,6.0,2031-01-22
3033,Priya,ECE,3,18.0,62.12,92.0,88.0,0.0,2031-01-23
3034,Swathi,EEE,1,20.0,60.97,42.0,61.0,2.0,2031-01-24
3035,Rohit,EEE,4,21.0,96.96,55.0,64.0,6.0,2031-01-25
3036,Teja,AI&DS,2,17.0,96.11,84.0,83.0,1.0,2031-01-26
3037,Keerthi,CSE,2,19.0,90.88,71.0,77.0,2.0,2031-01-27
3038,Rahul,AI&DS,3,19.0,60.25,57.0,69.0,3.0,2031-01-28
3039,Rohit,ECE,3,17.0,80.84,55.0,63.0,4.0,2031-01-29
3040,Vikram,MECH,2,17.0,63.43,42.0,99.0,1.0,2031-01-30
3041,Anjali,MECH,4,20.0,71.58,56.0,39.0,5.0,2031-01-31
3042,Varun,MECH,4,17.0,67.02,62.0,38.0,1.0,2031-02-01
3043,Naveen,MECH,1,19.0,92.3,62.0,66.0,2.0,2031-02-02
3044,Naveen,MECH,3,21.0,61.5,71.0,37.0,4.0,2031-02-03
3045,Anjali,AI&DS,2,23.0,84.08,53.0,57.0,0.0,2031-02-04
3046,Rohit,CSE,4,17.0,99.28,48.0,72.0,5.0,2031-02-05
3047,Pooja,CSE,2,20.0,85.92,93.0,61.0,4.0,2031-02-06
3048,Suresh,AI&DS,2,17.0,58.57,61.0,48.0,5.0,2031-02-07
3049,Harsha,AI&DS,3,20.0,95.85,51.0,53.0,1.0,2031-02-08
3050,Swathi,CSE,4,20.0,83.94,76.0,74.0,2.0,2031-02-09
3051,Sneha,MECH,1,23.0,75.53,70.0,97.0,6.0,2031-02-10
3052,Ravi,CSE,3,20.0,84.69,73.0,86.0,0.0,2031-02-11
3053,Divya,MECH,2,24.0,94.56,49.0,71.0,3.0,2031-02-12
3054,Lakshmi,EEE,3,18.0,76.47,82.0,44.0,3.0,2031-02-13
3055,Naveen,ECE,3,17.0,78.91,47.0,51.0,3.0,2031-02-14
3056,Divya,ECE,4,17.0,75.36,90.0,64.0,3.0,2031-02-15
3057,Naveen,AI&DS,4,19.0,58.27,62.0,51.0,5.0,2031-02-16
3058,Naveen,ECE,3,18.0,90.42,62.0,80.0,1.0,2031-02-17
3059,Divya,CSE,3,17.0,60.69,60.0,,6.0,2031-02-18
3060,Vikram,MECH,4,18.0,72.76,62.0,90.0,6.0,2031-02-19
3061,Varun,AI&DS,1,24.0,72.41,78.0,52.0,1.0,2031-02-20
3062,Keerthi,AI&DS,3,23.0,67.6,67.0,67.0,6.0,2031-02-21
3063,Arjun,EEE,4,17.0,73.11,43.0,82.0,1.0,2031-02-22
3064,Naveen,ECE,1,24.0,82.81,72.0,48.0,0.0,2031-02-23
3065,Keerthi,AI&DS,4,18.0,69.01,52.0,85.0,2.0,2031-02-24
3066,Suresh,ECE,3,20.0,62.76,42.0,73.0,5.0,2031-02-25
3067,Naveen,CSE,2,19.0,94.12,90.0,77.0,5.0,2031-02-26
3068,Lakshmi,ECE,2,20.0,98.69,55.0,64.0,4.0,2031-02-27
3069,Ravi,AI&DS,2,23.0,75.64,74.0,96.0,5.0,2031-02-28
3070,Vikram,AI&DS,4,22.0,69.72,46.0,85.0,1.0,2031-03-01
3071,Sneha,CSE,4,21.0,57.14,57.0,47.0,6.0,2031-03-02
3072,Manoj,AI&DS,4,22.0,56.66,60.0,71.0,4.0,2031-03-03
3073,Vikram,AI&DS,3,22.0,72.68,43.0,94.0,0.0,2031-03-04
3074,Ravi,AI&DS,1,18.0,96.86,99.0,53.0,0.0,2031-03-05
3075,Swathi,CSE,4,20.0,87.88,55.0,70.0,1.0,2031-03-06
3076,Vikram,CSE,1,17.0,70.72,73.0,84.0,0.0,2031-03-07
3077,Pooja,ECE,1,22.0,98.56,72.0,53.0,1.0,2031-03-08
3078,Vikram,CSE,1,20.0,74.29,63.0,69.0,6.0,2031-03-09
3079,Anjali,ECE,4,22.0,67.46,73.0,71.0,1.0,2031-03-10
3080,Arjun,MECH,2,21.0,74.19,72.0,46.0,4.0,2031-03-11
3081,Teja,AI&DS,1,19.0,64.52,40.0,46.0,6.0,2031-03-12
3082,Priya,MECH,1,18.0,94.85,79.0,72.0,1.0,2031-03-13
3083,Ravi,CSE,2,24.0,71.25,42.0,46.0,4.0,2031-03-14
3084,Swathi,CSE,3,19.0,84.61,63.0,97.0,3.0,2031-03-15
3085,Arjun,EEE,4,17.0,72.51,59.0,69.0,1.0,2031-03-16
3086,Swathi,EEE,3,19.0,95.58,64.0,81.0,6.0,2031-03-17
3087,Naveen,EEE,3,24.0,83.91,39.0,61.0,4.0,2031-03-18
3088,Swathi,CSE,4,19.0,76.97,81.0,54.0,3.0,2031-03-19
3089,Ravi,EEE,4,24.0,60.95,62.0,67.0,5.0,2031-03-20
3090,Rahul,AI&DS,2,,95.59,39.0,81.0,6.0,2031-03-21
3091,Varun,AI&DS,4,23.0,79.61,35.0,61.0,5.0,2031-03-22
3092,Ravi,CSE,3,22.0,67.83,,53.0,6.0,2031-03-23
3093,Teja,MECH,4,17.0,94.51,78.0,44.0,2.0,2031-03-24
3094,Sneha,CSE,1,21.0,57.45,71.0,70.0,2.0,2031-03-25
3095,Sneha,EEE,1,20.0,69.13,82.0,79.0,1.0,2031-03-26
3096,Harsha,ECE,4,18.0,79.16,84.0,69.0,4.0,2031-03-27
3097,Lakshmi,EEE,3,21.0,70.29,92.0,51.0,5.0,2031-03-28
3098,Varun,EEE,1,17.0,76.45,99.0,51.0,4.0,2031-03-29
3099,Harsha,MECH,4,22.0,66.89,93.0,59.0,4.0,2031-03-30
3100,Kiran,CSE,1,23.0,60.85,87.0,57.0,5.0,2031-03-31
